player_id,team_id,Player,Nation,Pos,Squad,Age,Born,MP,Starts,Min,90s,Gls,Ast,G+A,G-PK,PK,PKatt,CrdY,CrdR,Gls.1,Ast.1,G+A.1,G-PK.1,G+A-PK,Matches
PLY-0EDE46DFB5,TEAM-720795A0,Jones El-Abdellaoui,ma MAR,"MF,FW",Celta Vigo,20-050,2006.0,16,3,492,5.5,2,0,2,2,0,0,0,0,0.37,0.0,0.37,0.37,0.37,Matches
PLY-B6515367DD,TEAM-1C981597,Tay Abed,il ISR,MF,Levante,21-360,2004.0,2,0,23,0.3,0,0,0,0,0,0,0,0,0.0,0.0,0.0,0.0,0.0,Matches
PLY-B0B73C9636,TEAM-7273A887,Abdel Abqar,ma MAR,DF,Getafe,26-358,1999.0,14,10,904,10.0,0,1,1,0,0,0,6,0,0.0,0.1,0.1,0.0,0.1,Matches
PLY-D02C1B7C35,TEAM-B2118D2C,Akor Adams,ng NGA,FW,Sevilla,26-033,2000.0,21,14,1408,15.6,6,3,9,4,2,2,1,0,0.38,0.19,0.58,0.26,0.45,Matches
PLY-98EA2DA197,TEAM-A4EC0F45,David Affengruber,at AUT,DF,Elche,24-349,2001.0,24,21,1919,21.3,0,0,0,0,0,0,5,1,0.0,0.0,0.0,0.0,0.0,Matches
PLY-B5CF082445,TEAM-BDDFCDFA,Julen Agirrezabala,es ESP,GK,Valencia,25-067,2000.0,18,18,1620,18.0,0,0,0,0,0,0,1,0,0.0,0.0,0.0,0.0,0.0,Matches
PLY-99FFBEEAD1,TEAM-B2118D2C,Lucien Agoume,fr FRA,MF,Sevilla,24-022,2002.0,23,21,1845,20.5,1,2,3,1,0,0,9,0,0.05,0.1,0.15,0.05,0.15,Matches
PLY-708410C10D,TEAM-A4EC0F45,Marc Aguado,es ESP,MF,Elche,26-009,2000.0,25,21,1761,19.6,1,1,2,1,0,0,2,0,0.05,0.05,0.1,0.05,0.1,Matches
PLY-6B2276828E,TEAM-0FF29040,Pablo Agudín,es ESP,MF,Oviedo,18-115,2007.0,4,0,70,0.8,0,0,0,0,0,0,0,0,0.0,0.0,0.0,0.0,0.0,Matches
PLY-D9E32E875D,TEAM-0FF29040,Lucas Ahijado,es ESP,DF,Oviedo,31-032,1995.0,14,9,882,9.8,0,1,1,0,0,0,2,0,0.0,0.1,0.1,0.0,0.1,Matches
PLY-8BFED10307,TEAM-720795A0,Joseph Aidoo,gh GHA,DF,Celta Vigo,30-155,1995.0,5,4,378,4.2,0,0,0,0,0,0,0,0,0.0,0.0,0.0,0.0,0.0,Matches
PLY-0ECA60E540,TEAM-27AC674B,Ilias Akhomach,ma MAR,MF,Villarreal,21-321,2004.0,9,2,188,2.1,0,0,0,0,0,0,0,0,0.0,0.0,0.0,0.0,0.0,Matches
PLY-0ECA60E540,TEAM-A415D192,Ilias Akhomach,ma MAR,MF,Rayo Vallecano,21-321,2004.0,5,4,374,4.2,0,0,0,0,0,0,2,0,0.0,0.0,0.0,0.0,0.0,Matches
PLY-CF18DFCB59,TEAM-93330B41,David Alaba,at AUT,DF,Real Madrid,33-252,1992.0,8,3,247,2.7,0,0,0,0,0,0,1,0,0.0,0.0,0.0,0.0,0.0,Matches
PLY-3DB4550C8C,TEAM-A415D192,Alexandre Alemão,br BRA,FW,Rayo Vallecano,27-336,1998.0,14,6,636,7.1,1,0,1,1,0,0,1,0,0.14,0.0,0.14,0.14,0.14,Matches
PLY-0F3FD142F0,TEAM-3E37DB98,Carles Aleñá,es ESP,MF,Alavés,28-057,1998.0,26,19,1620,18.0,0,4,4,0,0,0,4,0,0.0,0.22,0.22,0.0,0.22,Matches
PLY-28CABBC560,TEAM-93330B41,Trent Alexander-Arnold,eng ENG,"DF,MF",Real Madrid,27-147,1998.0,12,7,547,6.1,0,2,2,0,0,0,1,0,0.0,0.33,0.33,0.0,0.33,Matches
PLY-28AA2A7FE4,TEAM-27AC674B,Alfon,es ESP,FW,Villarreal,26-303,1999.0,2,0,19,0.2,0,0,0,0,0,0,0,0,0.0,0.0,0.0,0.0,0.0,Matches
PLY-28AA2A7FE4,TEAM-B2118D2C,Alfon,es ESP,MF,Sevilla,26-303,1999.0,10,4,312,3.5,1,0,1,1,0,0,0,0,0.29,0.0,0.29,0.29,0.29,Matches
PLY-CEB7C8CE6A,TEAM-F53424F0,Thiago Almada,ar ARG,"MF,FW",Atlético Madrid,24-311,2001.0,18,9,792,8.8,3,1,4,3,0,0,1,0,0.34,0.11,0.45,0.34,0.45,Matches
PLY-58532BCD96,TEAM-BDDFCDFA,Domingos André Ribeiro Almeida,pt POR,"MF,FW",Valencia,25-277,2000.0,15,9,816,9.1,0,1,1,0,0,0,0,0,0.0,0.11,0.11,0.0,0.11,Matches
PLY-FEFB898608,TEAM-720795A0,Marcos Alonso,es ESP,DF,Celta Vigo,35-065,1990.0,22,21,1883,20.9,1,0,1,0,1,1,2,0,0.05,0.0,0.05,0.0,0.0,Matches
PLY-FE258C435E,TEAM-27AC674B,Adrià Altimira,es ESP,DF,Villarreal,24-340,2001.0,1,0,9,0.1,0,0,0,0,0,0,0,0,0.0,0.0,0.0,0.0,0.0,Matches
PLY-D6EC2C0217,TEAM-7C631724,Sergi Altimira,es ESP,MF,Real Betis,24-190,2001.0,17,9,824,9.2,1,1,2,1,0,0,2,0,0.11,0.11,0.22,0.11,0.22,Matches
PLY-A1D9B65B85,TEAM-1C981597,Carlos Álvarez,es ESP,MF,Levante,22-209,2003.0,26,22,1786,19.8,3,1,4,3,0,0,3,0,0.15,0.05,0.2,0.15,0.2,Matches
PLY-77A2F981E2,TEAM-720795A0,Hugo Álvarez,es ESP,"FW,MF",Celta Vigo,22-244,2003.0,17,8,790,8.8,2,1,3,2,0,0,2,0,0.23,0.11,0.34,0.23,0.34,Matches
PLY-38EA907A90,TEAM-F53424F0,Julián Álvarez,ar ARG,FW,Atlético Madrid,26-031,2000.0,26,21,1742,19.4,8,3,11,6,2,3,2,0,0.41,0.15,0.57,0.31,0.46,Matches
PLY-9408502F2B,TEAM-7C631724,Sofyan Amrabat,ma MAR,MF,Real Betis,29-194,1996.0,8,6,603,6.7,0,0,0,0,0,0,3,0,0.0,0.0,0.0,0.0,0.0,Matches
PLY-1982E91C22,TEAM-D069E7F8,Miguel Ángel Rubio,es ESP,DF,Espanyol,27-357,1998.0,9,1,158,1.8,1,0,1,1,0,0,0,0,0.57,0.0,0.57,0.57,0.57,Matches
PLY-5C63097130,TEAM-B2118D2C,Miguel Ángel Sierra,es ESP,FW,Sevilla,21-232,2004.0,4,0,62,0.7,0,0,0,0,0,0,0,0,0.0,0.0,0.0,0.0,0.0,Matches
PLY-0CD262C6EA,TEAM-720795A0,Andrés Antañón,,MF,Celta Vigo,,,1,0,18,0.2,0,0,0,0,0,0,0,0,0.0,0.0,0.0,0.0,0.0,Matches
PLY-05F6464440,TEAM-D069E7F8,Antoniu,es ESP,MF,Espanyol,23-179,2002.0,8,1,115,1.3,0,0,0,0,0,0,1,0,0.0,0.0,0.0,0.0,0.0,Matches
PLY-A8CD113B11,TEAM-7C631724,Antony,br BRA,"MF,FW",Real Betis,26-007,2000.0,21,21,1765,19.6,7,5,12,7,0,0,2,1,0.36,0.25,0.61,0.36,0.61,Matches
PLY-230844877D,TEAM-7273A887,Mauro Arambarri,uy URU,MF,Getafe,30-154,1995.0,26,26,2293,25.5,5,2,7,3,2,2,4,0,0.2,0.08,0.27,0.12,0.2,Matches
PLY-EA1806E972,TEAM-782246EA,Jon Aramburu,ve VEN,DF,Real Sociedad,23-223,2002.0,24,22,1961,21.8,1,0,1,1,0,0,8,0,0.05,0.0,0.05,0.05,0.05,Matches
PLY-80D4D32E1E,TEAM-51EA86E0,Juan Arango,ve VEN,MF,Girona,19-275,2006.0,2,0,18,0.2,0,0,0,0,0,0,1,0,0.0,0.0,0.0,0.0,0.0,Matches
PLY-CEF6FF10CC,TEAM-550D05AB,Ronald Araújo,uy URU,DF,Barcelona,26-361,1999.0,15,7,701,7.8,2,0,2,2,0,0,2,0,0.26,0.0,0.26,0.26,0.26,Matches
PLY-08BA33E757,TEAM-0587F59E,Jesús Areso,es ESP,DF,Athletic Club,26-244,1999.0,22,13,1346,15.0,0,1,1,0,0,0,3,0,0.0,0.07,0.07,0.0,0.07,Matches
PLY-D48D2D0472,TEAM-839B22B8,Iñigo Arguibide,es ESP,DF,Osasuna,20-318,2005.0,6,2,187,2.1,0,0,0,0,0,0,0,1,0.0,0.0,0.0,0.0,0.0,Matches
PLY-75B7AB519E,TEAM-1C981597,Kervin Arriaga,hn HON,MF,Levante,28-057,1998.0,17,12,1109,12.3,1,1,2,1,0,0,6,1,0.08,0.08,0.16,0.08,0.16,Matches
PLY-987DE10A23,TEAM-0E077100,Takuma Asano,jp JPN,"MF,FW",Mallorca,31-113,1994.0,15,6,483,5.4,1,0,1,1,0,0,2,0,0.19,0.0,0.19,0.19,0.19,Matches
PLY-D300B579A1,TEAM-93330B41,Raúl Asencio,es ESP,DF,Real Madrid,23-018,2003.0,18,13,1258,14.0,2,0,2,2,0,0,2,0,0.14,0.0,0.14,0.14,0.14,Matches
PLY-BDEC84C23D,TEAM-720795A0,Iago Aspas,es ESP,"FW,MF",Celta Vigo,38-214,1987.0,22,8,806,9.0,4,3,7,2,2,2,3,0,0.45,0.33,0.78,0.22,0.56,Matches
PLY-C568741D13,TEAM-51EA86E0,Yaser Asprilla,co COL,"FW,MF",Girona,22-104,2003.0,15,6,611,6.8,0,0,0,0,0,0,0,0,0.0,0.0,0.0,0.0,0.0,Matches
PLY-69D9FC15E8,TEAM-782246EA,Lander Astiazaran,es ESP,MF,Real Sociedad,19-330,2006.0,1,0,1,0.0,0,0,0,0,0,0,0,0,0.0,0.0,0.0,0.0,0.0,Matches
PLY-7D2B1741F5,TEAM-7C631724,Ezequiel Ávila,ar ARG,FW,Real Betis,32-025,1994.0,10,2,229,2.5,1,0,1,0,1,1,3,0,0.39,0.0,0.39,0.0,0.0,Matches
PLY-64A7357F1F,TEAM-B2118D2C,César Azpilicueta,es ESP,DF,Sevilla,36-187,1989.0,13,13,939,10.4,0,0,0,0,0,0,4,0,0.0,0.0,0.0,0.0,0.0,Matches
PLY-892D98D5EC,TEAM-F53424F0,Alex Baena,es ESP,MF,Atlético Madrid,24-226,2001.0,18,13,979,10.9,2,2,4,2,0,0,3,0,0.18,0.18,0.37,0.18,0.37,Matches
PLY-DBB9CA51FC,TEAM-0FF29040,Eric Bailly,ci CIV,DF,Oviedo,31-325,1994.0,7,7,593,6.6,1,0,1,1,0,0,1,0,0.15,0.0,0.15,0.15,0.15,Matches
PLY-CA181EEC4A,TEAM-7C631724,Cédric Bakambu,cd COD,FW,Real Betis,34-326,1991.0,12,4,378,4.2,3,0,3,3,0,0,0,0,0.71,0.0,0.71,0.71,0.71,Matches
PLY-7022273B8E,TEAM-550D05AB,Alejandro Balde,es ESP,DF,Barcelona,22-136,2003.0,21,18,1513,16.8,0,2,2,0,0,0,2,0,0.0,0.12,0.12,0.0,0.12,Matches
PLY-1938DEC487,TEAM-A415D192,Iván Balliu,al ALB,DF,Rayo Vallecano,34-061,1992.0,9,2,255,2.8,0,0,0,0,0,0,3,0,0.0,0.0,0.0,0.0,0.0,Matches
PLY-8F5C4EC3FE,TEAM-550D05AB,Roony Bardghji,se SWE,MF,Barcelona,20-108,2005.0,15,3,327,3.6,1,1,2,1,0,0,0,0,0.28,0.28,0.55,0.28,0.55,Matches
PLY-772A8DCE6F,TEAM-839B22B8,Kike Barja,es ESP,MF,Osasuna,28-336,1997.0,16,1,214,2.4,0,0,0,0,0,0,2,0,0.0,0.0,0.0,0.0,0.0,Matches
PLY-8454D270A4,TEAM-782246EA,Ander Barrenetxea,es ESP,"MF,FW",Real Sociedad,24-066,2001.0,20,13,1125,12.5,3,3,6,3,0,0,2,0,0.24,0.24,0.48,0.24,0.48,Matches
PLY-2B4269B4D1,TEAM-F53424F0,Pablo Barrios,es ESP,MF,Atlético Madrid,22-261,2003.0,21,19,1575,17.5,1,1,2,1,0,0,0,0,0.06,0.06,0.11,0.06,0.11,Matches
PLY-4458D42148,TEAM-7C631724,Marc Bartra,es ESP,DF,Real Betis,35-047,1991.0,20,16,1587,17.6,1,0,1,1,0,0,3,0,0.06,0.0,0.06,0.06,0.06,Matches
PLY-DE9D73FBF8,TEAM-A415D192,Augusto Batalla,ar ARG,GK,Rayo Vallecano,29-307,1996.0,25,25,2250,25.0,0,0,0,0,0,0,4,0,0.0,0.0,0.0,0.0,0.0,Matches
PLY-17CE2BC357,TEAM-A415D192,Samu Becerra,es ESP,MF,Rayo Vallecano,20-061,2006.0,3,0,12,0.1,0,0,0,0,0,0,0,0,0.0,0.0,0.0,0.0,0.0,Matches
PLY-9C0FB561CC,TEAM-839B22B8,Sheraldo Becker,sr SUR,"FW,MF",Osasuna,31-022,1995.0,9,0,158,1.8,0,0,0,0,0,0,0,0,0.0,0.0,0.0,0.0,0.0,Matches
PLY-4927D6C0F3,TEAM-51EA86E0,Donny van de Beek,nl NED,MF,Girona,28-319,1997.0,2,1,41,0.5,0,0,0,0,0,0,0,0,0.0,0.0,0.0,0.0,0.0,Matches
PLY-998752B982,TEAM-7273A887,Ismael Bekhoucha,ma MAR,DF,Getafe,21-103,2004.0,4,1,122,1.4,0,1,1,0,0,0,2,0,0.0,0.74,0.74,0.0,0.74,Matches
PLY-2CB79B3843,TEAM-7C631724,Héctor Bellerín,es ESP,DF,Real Betis,30-349,1995.0,16,12,1081,12.0,0,2,2,0,0,0,1,0,0.0,0.17,0.17,0.0,0.17,Matches
PLY-CFFD6D53DB,TEAM-93330B41,Jude Bellingham,eng ENG,MF,Real Madrid,22-247,2003.0,18,15,1291,14.3,4,3,7,4,0,0,1,0,0.28,0.21,0.49,0.28,0.49,Matches
PLY-ECA685F447,TEAM-51EA86E0,Fran Beltrán,es ESP,MF,Girona,27-028,1999.0,6,4,366,4.1,1,0,1,1,0,0,2,0,0.25,0.0,0.25,0.25,0.25,Matches
PLY-ECA685F447,TEAM-720795A0,Fran Beltrán,es ESP,MF,Celta Vigo,27-028,1999.0,10,7,528,5.9,0,0,0,0,0,0,0,0,0.0,0.0,0.0,0.0,0.0,Matches
PLY-2705982967,TEAM-BDDFCDFA,Lucas Beltrán,ar ARG,FW,Valencia,24-339,2001.0,21,13,1098,12.2,1,2,3,1,0,0,0,0,0.08,0.16,0.25,0.08,0.25,Matches
PLY-9F8FDBB3A8,TEAM-3E37DB98,Carlos Benavídez,uy URU,DF,Alavés,27-338,1998.0,8,2,213,2.4,0,0,0,0,0,0,2,1,0.0,0.0,0.0,0.0,0.0,Matches
PLY-35ABD335AA,TEAM-839B22B8,Iker Benito,es ESP,MF,Osasuna,23-205,2002.0,5,1,150,1.7,1,0,1,1,0,0,1,0,0.6,0.0,0.6,0.6,0.6,Matches
PLY-A84AEB8F46,TEAM-0587F59E,Yuri Berchiche,es ESP,DF,Athletic Club,36-021,1990.0,23,22,1933,21.5,0,3,3,0,0,0,3,0,0.0,0.14,0.14,0.0,0.14,Matches
PLY-B9B31D5229,TEAM-0587F59E,Álex Berenguer,es ESP,MF,Athletic Club,30-242,1995.0,21,18,1492,16.6,2,3,5,2,0,0,3,0,0.12,0.18,0.3,0.12,0.3,Matches
PLY-D65587F2B2,TEAM-0E077100,Lucas Bergström,fi FIN,GK,Mallorca,23-179,2002.0,5,5,450,5.0,0,0,0,0,0,0,1,0,0.0,0.0,0.0,0.0,0.0,Matches
PLY-29B19BEAA0,TEAM-550D05AB,Marc Bernal,es ESP,MF,Barcelona,18-281,2007.0,13,3,338,3.8,2,1,3,2,0,0,3,0,0.53,0.27,0.8,0.53,0.8,Matches
PLY-3B0031B4E8,TEAM-A4EC0F45,Pedro Bigas,es ESP,DF,Elche,35-169,1990.0,19,18,1459,16.2,0,2,2,0,0,0,3,0,0.0,0.12,0.12,0.0,0.12,Matches
PLY-258F950267,TEAM-7273A887,Veljko Birmančević,rs SRB,"FW,MF",Getafe,27-363,1998.0,1,0,15,0.2,0,0,0,0,0,0,0,0,0.0,0.0,0.0,0.0,0.0,Matches
PLY-6D8133062C,TEAM-3E37DB98,Antonio Blanco,es ESP,MF,Alavés,25-223,2000.0,24,24,2046,22.7,1,1,2,1,0,0,5,0,0.04,0.04,0.09,0.04,0.09,Matches
PLY-4795BF0647,TEAM-51EA86E0,Daley Blind,nl NED,DF,Girona,35-359,1990.0,24,23,2032,22.6,0,0,0,0,0,0,1,0,0.0,0.0,0.0,0.0,0.0,Matches
PLY-82BACCF7A9,TEAM-A4EC0F45,Adam Boayar,ma MAR,MF,Elche,20-141,2005.0,7,0,104,1.2,1,0,1,1,0,0,0,0,0.87,0.0,0.87,0.87,0.87,Matches
PLY-85D03247F5,TEAM-0587F59E,Adama Boiro,es ESP,DF,Athletic Club,23-254,2002.0,8,5,505,5.6,0,0,0,0,0,0,1,0,0.0,0.0,0.0,0.0,0.0,Matches
PLY-A97F3926BB,TEAM-0FF29040,Rahim Bonkano,ne NIG,DF,Oviedo,24-061,2002.0,19,15,1414,15.7,0,0,0,0,0,0,1,0,0.0,0.0,0.0,0.0,0.0,Matches
PLY-7E2711F7E6,TEAM-0FF29040,Thiago Borbas,uy URU,FW,Oviedo,23-330,2002.0,4,0,32,0.4,0,0,0,0,0,0,1,0,0.0,0.0,0.0,0.0,0.0,Matches
PLY-E5FBF40155,TEAM-7273A887,Sebastián Boselli,uy URU,DF,Getafe,22-089,2003.0,4,1,101,1.1,0,0,0,0,0,0,0,0,0.0,0.0,0.0,0.0,0.0,Matches
PLY-4B78CC4CED,TEAM-3E37DB98,Lucas Boyé,ar ARG,FW,Alavés,30-003,1996.0,20,16,1532,17.0,7,1,8,6,1,1,3,1,0.41,0.06,0.47,0.35,0.41,Matches
PLY-19608B074F,TEAM-839B22B8,Enzo Boyomo,cm CMR,DF,Osasuna,24-147,2001.0,20,19,1642,18.2,1,1,2,1,0,0,4,0,0.05,0.05,0.11,0.05,0.11,Matches
PLY-9A6AC7746F,TEAM-0FF29040,Josip Brekalo,hr CRO,"MF,FW",Oviedo,27-253,1998.0,14,6,486,5.4,0,0,0,0,0,0,1,0,0.0,0.0,0.0,0.0,0.0,Matches
PLY-D60AFCC0C7,TEAM-839B22B8,Abel Bretones,es ESP,"MF,DF",Osasuna,25-194,2000.0,21,15,1409,15.7,1,0,1,1,0,0,5,1,0.06,0.0,0.06,0.06,0.06,Matches
PLY-0B8CA8A1E5,TEAM-1C981597,Brugui,es ESP,"MF,FW",Levante,29-119,1996.0,15,10,896,10.0,0,1,1,0,0,0,1,0,0.0,0.1,0.1,0.0,0.1,Matches
PLY-F6B9C64F9C,TEAM-27AC674B,Tajon Buchanan,ca CAN,MF,Villarreal,27-023,1999.0,24,15,1384,15.4,5,1,6,5,0,0,7,0,0.33,0.07,0.39,0.33,0.39,Matches
PLY-601279CC36,TEAM-839B22B8,Ante Budimir,hr CRO,FW,Osasuna,34-224,1991.0,25,23,1932,21.5,12,0,12,8,4,5,1,0,0.56,0.0,0.56,0.37,0.37,Matches
PLY-3B324334A6,TEAM-B2118D2C,Manu Bueno,es ESP,MF,Sevilla,21-219,2004.0,4,0,81,0.9,0,0,0,0,0,0,0,0,0.0,0.0,0.0,0.0,0.0,Matches
PLY-D772778B13,TEAM-1C981597,Jorge Cabello,es ESP,DF,Levante,21-312,2004.0,5,4,362,4.0,0,0,0,0,0,0,1,0,0.0,0.0,0.0,0.0,0.0,Matches
PLY-7E5DE655CD,TEAM-D069E7F8,Leandro Cabrera,uy URU,DF,Espanyol,34-259,1991.0,25,25,2250,25.0,3,0,3,3,0,0,2,0,0.12,0.0,0.12,0.12,0.12,Matches
PLY-5F138C687D,TEAM-3E37DB98,Calebe,br BRA,MF,Alavés,25-307,2000.0,17,13,717,8.0,0,0,0,0,0,0,2,0,0.0,0.0,0.0,0.0,0.0,Matches
PLY-68BF7B140A,TEAM-D069E7F8,Fernando Calero,es ESP,DF,Espanyol,30-170,1995.0,20,18,1582,17.6,0,0,0,0,0,0,3,0,0.0,0.0,0.0,0.0,0.0,Matches
PLY-E8576F94AD,TEAM-782246EA,Duje Ćaleta-Car,hr CRO,DF,Real Sociedad,29-167,1996.0,17,15,1325,14.7,1,0,1,1,0,0,4,1,0.07,0.0,0.07,0.07,0.07,Matches
PLY-BCFCF7974D,TEAM-0FF29040,Dani Calvo,es ESP,DF,Oviedo,31-336,1994.0,10,8,795,8.8,0,0,0,0,0,0,3,0,0.0,0.0,0.0,0.0,0.0,Matches
PLY-ADA2C004B0,TEAM-51EA86E0,Dawda Camara,mr MTN,FW,Girona,23-119,2002.0,2,1,72,0.8,0,0,0,0,0,0,0,0,0.0,0.0,0.0,0.0,0.0,Matches
PLY-5D1C4D6856,TEAM-93330B41,Eduardo Camavinga,fr FRA,MF,Real Madrid,23-113,2002.0,19,11,1052,11.7,1,0,1,1,0,0,0,0,0.09,0.0,0.09,0.09,0.09,Matches
PLY-A709F17364,TEAM-A415D192,Sergio Camello,es ESP,FW,Rayo Vallecano,25-021,2001.0,13,4,458,5.1,0,0,0,0,0,0,2,1,0.0,0.0,0.0,0.0,0.0,Matches
PLY-42D253BC95,TEAM-550D05AB,João Cancelo,pt POR,DF,Barcelona,31-280,1994.0,4,2,191,2.1,0,1,1,0,0,0,0,0,0.0,0.47,0.47,0.0,0.47,Matches
PLY-3288E0FD83,TEAM-27AC674B,Sergi Cardona,es ESP,DF,Villarreal,26-238,1999.0,21,14,1396,15.5,0,3,3,0,0,0,3,0,0.0,0.19,0.19,0.0,0.19,Matches
PLY-6230158A47,TEAM-B2118D2C,Fábio Cardoso,pt POR,DF,Sevilla,31-318,1994.0,4,4,295,3.3,0,0,0,0,0,0,0,0,0.0,0.0,0.0,0.0,0.0,Matches
PLY-851DE87146,TEAM-F53424F0,Johnny Cardoso,us USA,MF,Atlético Madrid,24-164,2001.0,11,10,678,7.5,0,0,0,0,0,0,4,0,0.0,0.0,0.0,0.0,0.0,Matches
PLY-9CE996B6BA,TEAM-0FF29040,David Carmo,ao ANG,DF,Oviedo,26-227,1999.0,19,17,1542,17.1,1,0,1,1,0,0,8,1,0.06,0.0,0.06,0.06,0.06,Matches
PLY-D7A535EB85,TEAM-B2118D2C,Carmona,es ESP,"DF,MF",Sevilla,24-033,2002.0,24,21,1880,20.9,1,3,4,1,0,0,9,0,0.05,0.14,0.19,0.05,0.19,Matches
PLY-693D4A8048,TEAM-720795A0,Sergio Carreira,es ESP,MF,Celta Vigo,25-141,2000.0,22,19,1734,19.3,2,1,3,2,0,0,2,0,0.1,0.05,0.16,0.1,0.16,Matches
PLY-B8F8DE9EEE,TEAM-782246EA,Gorka Carrera,es ESP,FW,Real Sociedad,20-292,2005.0,1,0,14,0.2,0,0,0,0,0,0,0,0,0.0,0.0,0.0,0.0,0.0,Matches
PLY-E2D8A43C6C,TEAM-93330B41,Álvaro Carreras,es ESP,DF,Real Madrid,22-345,2003.0,23,22,1968,21.9,2,2,4,2,0,0,5,1,0.09,0.09,0.18,0.09,0.18,Matches
PLY-3D730AAEA4,TEAM-93330B41,Dani Carvajal,es ESP,DF,Real Madrid,34-051,1992.0,10,5,506,5.6,0,0,0,0,0,0,0,0,0.0,0.0,0.0,0.0,0.0,Matches
PLY-792D3B2E6B,TEAM-550D05AB,Marc Casado,es ESP,MF,Barcelona,22-170,2003.0,16,8,735,8.2,0,1,1,0,0,0,0,0,0.0,0.12,0.12,0.0,0.12,Matches
PLY-65C99D8C87,TEAM-B2118D2C,Castrin,es ESP,DF,Sevilla,23-061,2003.0,9,7,648,7.2,0,0,0,0,0,0,3,0,0.0,0.0,0.0,0.0,0.0,Matches
PLY-6DA140241F,TEAM-3E37DB98,Jonny Castro,es ESP,DF,Alavés,32-000,1994.0,25,25,2184,24.3,0,0,0,0,0,0,5,0,0.0,0.0,0.0,0.0,0.0,Matches
PLY-3803282E9C,TEAM-839B22B8,Catena,es ESP,DF,Osasuna,31-126,1994.0,24,24,2114,23.5,2,2,4,2,0,0,8,1,0.09,0.09,0.17,0.09,0.17,Matches
PLY-97BEEA4592,TEAM-0FF29040,Santi Cazorla,es ESP,MF,Oviedo,41-080,1984.0,16,4,520,5.8,0,1,1,0,0,0,0,1,0.0,0.17,0.17,0.0,0.17,Matches
PLY-D22ED148BB,TEAM-93330B41,Dani Ceballos,es ESP,MF,Real Madrid,29-208,1996.0,15,4,469,5.2,0,0,0,0,0,0,1,0,0.0,0.0,0.0,0.0,0.0,Matches
PLY-E590163DF0,TEAM-A4EC0F45,Lucas Cepeda,cl CHI,MF,Elche,23-123,2002.0,5,3,275,3.1,0,0,0,0,0,0,1,0,0.0,0.0,0.0,0.0,0.0,Matches
PLY-F80FFB811B,TEAM-93330B41,Jorge Cestero,es ESP,MF,Real Madrid,19-344,2006.0,2,0,13,0.1,0,0,0,0,0,0,0,0,0.0,0.0,0.0,0.0,0.0,Matches
PLY-960AE8E7FD,TEAM-0FF29040,Ilyas Chaira,ma MAR,"MF,FW",Oviedo,25-029,2001.0,23,20,1557,17.3,3,1,4,3,0,0,1,1,0.17,0.06,0.23,0.17,0.23,Matches
PLY-6B41383845,TEAM-A415D192,Pep Chavarría,es ESP,DF,Rayo Vallecano,27-327,1998.0,23,21,1925,21.4,1,2,3,1,0,0,6,1,0.05,0.09,0.14,0.05,0.14,Matches
PLY-0B781782C5,TEAM-550D05AB,Andreas Christensen,dk DEN,DF,Barcelona,29-327,1996.0,12,3,380,4.2,0,0,0,0,0,0,1,0,0.0,0.0,0.0,0.0,0.0,Matches
PLY-BF17EFEE0C,TEAM-A4EC0F45,Víctor Chust,es ESP,DF,Elche,25-363,2000.0,20,16,1522,16.9,0,0,0,0,0,0,7,1,0.0,0.0,0.0,0.0,0.0,Matches
PLY-ECE483A0BF,TEAM-A415D192,Pathé Ciss,sn SEN,"MF,DF",Rayo Vallecano,31-352,1994.0,18,13,1251,13.9,1,0,1,1,0,0,4,2,0.07,0.0,0.07,0.07,0.07,Matches
PLY-3FCF3058BF,TEAM-0FF29040,Santiago Colombatto,ar ARG,MF,Oviedo,29-045,1997.0,20,17,1493,16.6,0,1,1,0,0,0,5,0,0.0,0.06,0.06,0.0,0.06,Matches
PLY-113D774792,TEAM-BDDFCDFA,Eray Cömert,ch SUI,DF,Valencia,28-027,1998.0,9,7,654,7.3,1,0,1,1,0,0,2,0,0.14,0.0,0.14,0.14,0.14,Matches
PLY-A2F5FB7143,TEAM-27AC674B,Santi Comesaña,es ESP,MF,Villarreal,29-149,1996.0,24,19,1637,18.2,3,2,5,3,0,0,4,1,0.16,0.11,0.27,0.16,0.27,Matches
PLY-B9E3DE7042,TEAM-BDDFCDFA,Copete,es ESP,DF,Valencia,26-144,1999.0,21,19,1759,19.5,0,0,0,0,0,0,5,0,0.0,0.0,0.0,0.0,0.0,Matches
PLY-8BB5D15081,TEAM-7C631724,Iván Corralejo,es ESP,MF,Real Betis,18-306,2007.0,1,0,15,0.2,0,0,0,0,0,0,0,0,0.0,0.0,0.0,0.0,0.0,Matches
PLY-F8C73FDD3F,TEAM-BDDFCDFA,Thierry Correia,pt POR,"DF,MF",Valencia,26-359,1999.0,17,13,1064,11.8,0,1,1,0,0,0,4,0,0.0,0.08,0.08,0.0,0.08,Matches
PLY-96B8BECE7A,TEAM-1C981597,Paco Cortés,es ESP,"MF,FW",Levante,18-204,2007.0,8,2,284,3.2,0,0,0,0,0,0,1,0,0.0,0.0,0.0,0.0,0.0,Matches
PLY-D97BD40CC5,TEAM-7273A887,Coba da Costa,es ESP,MF,Getafe,23-220,2002.0,14,2,348,3.9,0,0,0,0,0,0,1,0,0.0,0.0,0.0,0.0,0.0,Matches
PLY-9A9730742C,TEAM-0E077100,Samu Costa,pt POR,MF,Mallorca,25-096,2000.0,23,20,1776,19.7,4,0,4,4,0,0,8,0,0.2,0.0,0.2,0.2,0.2,Matches
PLY-9FDFFB2674,TEAM-0FF29040,David Costas,es ESP,DF,Oviedo,30-342,1995.0,17,16,1430,15.9,0,0,0,0,0,0,2,0,0.0,0.0,0.0,0.0,0.0,Matches
PLY-0568C0B7FA,TEAM-93330B41,Thibaut Courtois,be BEL,GK,Real Madrid,33-296,1992.0,26,26,2340,26.0,0,0,0,0,0,0,1,0,0.0,0.0,0.0,0.0,0.0,Matches
PLY-6C4409EF84,TEAM-839B22B8,Juan Cruz Armada,es ESP,DF,Osasuna,33-218,1992.0,13,7,590,6.6,0,0,0,0,0,0,0,0,0.0,0.0,0.0,0.0,0.0,Matches
PLY-07B858B275,TEAM-550D05AB,Pau Cubarsí,es ESP,DF,Barcelona,19-040,2007.0,21,21,1832,20.4,1,0,1,1,0,0,1,0,0.05,0.0,0.05,0.05,0.05,Matches
PLY-9D04AD62B8,TEAM-7C631724,Cucho,co COL,FW,Real Betis,26-317,1999.0,21,20,1759,19.5,8,3,11,7,1,1,2,0,0.41,0.15,0.56,0.36,0.51,Matches
PLY-50D8416212,TEAM-1C981597,Pablo Cuñat,es ESP,GK,Levante,23-309,2002.0,2,2,180,2.0,0,0,0,0,0,0,0,0,0.0,0.0,0.0,0.0,0.0,Matches
PLY-CE5ACE3802,TEAM-BDDFCDFA,Arnaut Danjuma,nl NED,"MF,FW",Valencia,29-031,1997.0,24,17,1480,16.4,3,2,5,3,0,1,0,0,0.18,0.12,0.3,0.18,0.3,Matches
PLY-C2FBF1693D,TEAM-0E077100,Sergi Darder,es ESP,MF,Mallorca,32-071,1993.0,26,21,1837,20.4,1,3,4,1,0,0,3,0,0.05,0.15,0.2,0.05,0.2,Matches
PLY-3BA5554055,TEAM-7273A887,Davinchi,es ESP,DF,Getafe,18-138,2007.0,7,4,429,4.8,0,0,0,0,0,0,1,0,0.0,0.0,0.0,0.0,0.0,Matches
PLY-AE4DFA825E,TEAM-0FF29040,Leander Dendoncker,be BEL,MF,Oviedo,30-322,1995.0,19,15,1330,14.8,1,0,1,1,0,0,2,0,0.07,0.0,0.07,0.07,0.07,Matches
PLY-0A4A44172C,TEAM-7C631724,Nelson Deossa,co COL,MF,Real Betis,26-025,2000.0,15,6,542,6.0,0,0,0,0,0,0,3,0,0.0,0.0,0.0,0.0,0.0,Matches
PLY-390720C665,TEAM-A4EC0F45,Bambo Diaby,sn SEN,DF,Elche,28-076,1997.0,4,1,102,1.1,0,0,0,0,0,0,1,0,0.0,0.0,0.0,0.0,0.0,Matches
PLY-6178F02B4D,TEAM-BDDFCDFA,Mouctar Diakhaby,gn GUI,DF,Valencia,29-074,1996.0,8,7,543,6.0,1,0,1,1,0,0,3,0,0.17,0.0,0.17,0.17,0.17,Matches
PLY-B5357F797C,TEAM-A4EC0F45,Grady Diangana,cd COD,"MF,FW",Elche,27-318,1998.0,14,9,625,6.9,1,0,1,1,0,0,2,0,0.14,0.0,0.14,0.14,0.14,Matches
PLY-AF2B991EA6,TEAM-3E37DB98,Moussa Diarra,ml MLI,DF,Alavés,25-113,2000.0,3,3,216,2.4,0,0,0,0,0,0,1,0,0.0,0.0,0.0,0.0,0.0,Matches
PLY-674E00624B,TEAM-93330B41,Brahim Díaz,ma MAR,"MF,FW",Real Madrid,26-212,1999.0,18,3,475,5.3,0,4,4,0,0,0,1,0,0.0,0.76,0.76,0.0,0.76,Matches
PLY-6089F9878D,TEAM-782246EA,Daniel Díaz,es ESP,FW,Real Sociedad,19-254,2006.0,1,0,18,0.2,0,0,0,0,0,0,0,0,0.0,0.0,0.0,0.0,0.0,Matches
PLY-18DB0CD7B3,TEAM-F53424F0,Julio Diaz,es ESP,DF,Atlético Madrid,21-052,2005.0,1,1,90,1.0,0,0,0,0,0,0,0,0,0.0,0.0,0.0,0.0,0.0,Matches
PLY-F324B50EF4,TEAM-A415D192,Pedro Díaz,es ESP,"MF,FW",Rayo Vallecano,27-271,1998.0,22,13,1169,13.0,0,0,0,0,0,0,1,0,0.0,0.0,0.0,0.0,0.0,Matches
PLY-8CFB538466,TEAM-BDDFCDFA,Stole Dimitrievski,mk MKD,GK,Valencia,32-068,1993.0,8,8,720,8.0,0,0,0,0,0,0,0,0,0.0,0.0,0.0,0.0,0.0,Matches
PLY-907C4B7EC7,TEAM-A4EC0F45,Matías Dituro,ar ARG,GK,Elche,38-299,1987.0,10,10,900,10.0,0,0,0,0,0,0,1,0,0.0,0.0,0.0,0.0,0.0,Matches
PLY-4D7A61F666,TEAM-7273A887,Djené,tg TOG,"DF,MF",Getafe,34-062,1991.0,24,22,1778,19.8,0,0,0,0,0,0,6,1,0.0,0.0,0.0,0.0,0.0,Matches
PLY-7637A4D1EE,TEAM-D069E7F8,Marko Dmitrović,rs SRB,GK,Espanyol,34-038,1992.0,26,26,2340,26.0,0,0,0,0,0,0,0,0,0.0,0.0,0.0,0.0,0.0,Matches
PLY-6E415CE971,TEAM-D069E7F8,Tyrhys Dolan,eng ENG,MF,Espanyol,24-065,2001.0,25,19,1666,18.5,1,3,4,1,0,0,5,1,0.05,0.16,0.22,0.05,0.22,Matches
PLY-3131D12559,TEAM-0E077100,Marc Domenech,es ESP,MF,Mallorca,20-061,2006.0,7,2,214,2.4,0,1,1,0,0,0,0,0,0.0,0.42,0.42,0.0,0.42,Matches
PLY-F5BBE9D717,TEAM-720795A0,Carlos Dominguez,es ESP,DF,Celta Vigo,25-020,2001.0,7,5,520,5.8,0,0,0,0,0,0,1,0,0.0,0.0,0.0,0.0,0.0,Matches
PLY-99E6EA9E34,TEAM-A4EC0F45,John Donald,es ESP,"DF,MF",Elche,25-185,2000.0,14,5,458,5.1,1,0,1,1,0,0,2,0,0.2,0.0,0.2,0.2,0.2,Matches
PLY-BEF05627C4,TEAM-7273A887,Domingos Duarte,pt POR,DF,Getafe,30-358,1995.0,23,23,1983,22.0,0,0,0,0,0,0,7,0,0.0,0.0,0.0,0.0,0.0,Matches
PLY-7DDB078A03,TEAM-720795A0,Pablo Durán,es ESP,"FW,MF",Celta Vigo,24-282,2001.0,20,11,964,10.7,2,2,4,2,0,0,0,0,0.19,0.19,0.37,0.19,0.37,Matches
PLY-FB3AEB9472,TEAM-BDDFCDFA,Hugo Duro,es ESP,FW,Valencia,26-113,1999.0,25,16,1437,16.0,7,0,7,7,0,0,4,0,0.44,0.0,0.44,0.44,0.44,Matches
PLY-0E6DB640BC,TEAM-51EA86E0,Claudio Echeverri,ar ARG,MF,Girona,20-060,2006.0,6,0,161,1.8,0,0,0,0,0,0,3,0,0.0,0.0,0.0,0.0,0.0,Matches
PLY-443B8AA490,TEAM-0FF29040,Ovie Ejaria,eng ENG,MF,Oviedo,28-105,1997.0,7,2,180,2.0,0,0,0,0,0,0,1,0,0.0,0.0,0.0,0.0,0.0,Matches
PLY-F7E25F965C,TEAM-B2118D2C,Chidera Ejuke,ng NGA,"MF,FW",Sevilla,28-060,1998.0,19,4,615,6.8,1,1,2,1,0,0,0,0,0.15,0.15,0.29,0.15,0.29,Matches
PLY-3D1BD873D6,TEAM-1C981597,Unai Elgezabal,es ESP,"DF,MF",Levante,32-312,1993.0,12,11,958,10.6,1,0,1,1,0,0,2,0,0.09,0.0,0.09,0.09,0.09,Matches
PLY-71B559E08B,TEAM-782246EA,Aritz Elustondo,es ESP,DF,Real Sociedad,31-340,1994.0,9,4,372,4.1,0,0,0,0,0,0,0,0,0.0,0.0,0.0,0.0,0.0,Matches
PLY-4D20BB555F,TEAM-93330B41,Endrick,br BRA,FW,Real Madrid,19-225,2006.0,1,0,12,0.1,0,0,0,0,0,0,0,0,0.0,0.0,0.0,0.0,0.0,Matches
PLY-A7B8AB86F7,TEAM-0FF29040,Aarón Escandell,es ESP,GK,Oviedo,30-157,1995.0,25,25,2250,25.0,0,0,0,0,0,0,2,0,0.0,0.0,0.0,0.0,0.0,Matches
PLY-2ADF20593D,TEAM-1C981597,Carlos Espí,es ESP,FW,Levante,20-222,2005.0,13,1,346,3.8,3,0,3,3,0,0,1,0,0.78,0.0,0.78,0.78,0.78,Matches
PLY-7C8ADDCE1C,TEAM-A415D192,Alfonso Espino,uy URU,"DF,MF",Rayo Vallecano,34-057,1992.0,19,8,827,9.2,1,0,1,1,0,0,2,0,0.11,0.0,0.11,0.11,0.11,Matches
PLY-0748996F0F,TEAM-0FF29040,Marco Esteban,es ESP,DF,Oviedo,20-061,2006.0,1,0,45,0.5,0,0,0,0,0,0,0,0,0.0,0.0,0.0,0.0,0.0,Matches
PLY-544C15D519,TEAM-27AC674B,Karl Etta Eyong,cm CMR,FW,Villarreal,22-140,2003.0,3,3,256,2.8,1,2,3,1,0,0,0,0,0.35,0.7,1.05,0.35,1.05,Matches
PLY-544C15D519,TEAM-1C981597,Karl Etta Eyong,cm CMR,FW,Levante,22-140,2003.0,21,15,1303,14.5,5,2,7,5,0,1,2,0,0.35,0.14,0.48,0.35,0.48,Matches
PLY-03C9CF9CEF,TEAM-D069E7F8,Edu Expósito,es ESP,MF,Espanyol,29-214,1996.0,25,21,1666,18.5,1,6,7,1,0,0,5,0,0.05,0.32,0.38,0.05,0.38,Matches
PLY-550D9D1DE6,TEAM-7C631724,Abde Ezzalzouli,ma MAR,"MF,FW",Real Betis,24-076,2001.0,17,15,1320,14.7,5,5,10,5,0,0,2,0,0.34,0.34,0.68,0.34,0.68,Matches
PLY-10C8A7BB5D,TEAM-0FF29040,Omar Falah,es ESP,DF,Oviedo,22-175,2003.0,1,0,14,0.2,0,0,0,0,0,0,0,0,0.0,0.0,0.0,0.0,0.0,Matches
PLY-AFC1BCC724,TEAM-A4EC0F45,Aleix Febas,es ESP,MF,Elche,30-029,1996.0,25,25,2238,24.9,2,1,3,2,0,0,7,0,0.08,0.04,0.12,0.08,0.12,Matches
PLY-3D9A0D899F,TEAM-A415D192,Luiz Felipe,it ITA,DF,Rayo Vallecano,28-346,1997.0,8,5,290,3.2,0,0,0,0,0,0,1,0,0.0,0.0,0.0,0.0,0.0,Matches
PLY-706C0906FD,TEAM-7273A887,Kiko Femenía,es ESP,"DF,MF",Getafe,35-029,1991.0,21,19,1543,17.1,0,1,1,0,0,0,3,0,0.0,0.06,0.06,0.0,0.06,Matches
PLY-1983F7C247,TEAM-550D05AB,Dro Fernández,es ESP,MF,Barcelona,18-050,2008.0,4,1,92,1.0,0,0,0,0,0,0,0,0,0.0,0.0,0.0,0.0,0.0,Matches
PLY-C3131AFAD3,TEAM-720795A0,Manu Fernández,es ESP,DF,Celta Vigo,24-314,2001.0,13,9,713,7.9,0,0,0,0,0,0,2,0,0.0,0.0,0.0,0.0,0.0,Matches
PLY-F76C70D8B2,TEAM-A415D192,Pelayo Fernandez,es ESP,DF,Rayo Vallecano,22-308,2003.0,1,0,45,0.5,0,0,0,0,0,0,0,0,0.0,0.0,0.0,0.0,0.0,Matches
PLY-185CEBD4FE,TEAM-D069E7F8,Roberto Férnandez,es ESP,FW,Espanyol,23-243,2002.0,26,19,1763,19.6,5,2,7,4,1,1,2,0,0.26,0.1,0.36,0.2,0.31,Matches
PLY-0FDC668EAF,TEAM-0FF29040,Thiago Fernández,ar ARG,MF,Oviedo,21-334,2004.0,4,0,95,1.1,0,1,1,0,0,0,1,0,0.0,0.95,0.95,0.0,0.95,Matches
PLY-F2F3C19A7E,TEAM-550D05AB,Toni Fernández,es ESP,FW,Barcelona,17-231,2008.0,1,1,45,0.5,0,0,0,0,0,0,0,0,0.0,0.0,0.0,0.0,0.0,Matches
PLY-05EDF3D6B3,TEAM-7C631724,Álvaro Fidalgo,es ESP,MF,Real Betis,28-328,1997.0,4,4,295,3.3,1,0,1,1,0,0,0,0,0.31,0.0,0.31,0.31,0.31,Matches
PLY-AD5A19FE84,TEAM-7C631724,Junior Firpo,do DOM,DF,Real Betis,29-193,1996.0,8,6,539,6.0,0,1,1,0,0,0,2,0,0.0,0.17,0.17,0.0,0.17,Matches
PLY-F136893E52,TEAM-0FF29040,Nicolas Fonseca,uy URU,MF,Oviedo,27-135,1998.0,8,2,296,3.3,0,0,0,0,0,0,2,0,0.0,0.0,0.0,0.0,0.0,Matches
PLY-9885930CC8,TEAM-0FF29040,Álex Forés,es ESP,FW,Oviedo,24-325,2001.0,14,2,285,3.2,0,1,1,0,0,0,0,0,0.0,0.32,0.32,0.0,0.32,Matches
PLY-D2CD8C714C,TEAM-7C631724,Pablo Fornals,es ESP,MF,Real Betis,30-009,1996.0,26,25,2088,23.2,6,4,10,6,0,0,2,0,0.26,0.17,0.43,0.26,0.43,Matches
PLY-FD0F6A9200,TEAM-A4EC0F45,Héctor Fort,es ESP,"DF,MF",Elche,19-213,2006.0,9,5,327,3.6,1,2,3,1,0,0,0,0,0.28,0.55,0.83,0.28,0.83,Matches
PLY-411CF64BD8,TEAM-BDDFCDFA,Dimitri Foulquier,fr FRA,DF,Valencia,32-345,1993.0,15,12,1150,12.8,0,0,0,0,0,0,1,0,0.0,0.0,0.0,0.0,0.0,Matches
PLY-577B82ED50,TEAM-27AC674B,Juan Foyth,ar ARG,DF,Villarreal,28-050,1998.0,13,12,934,10.4,0,0,0,0,0,0,2,0,0.0,0.0,0.0,0.0,0.0,Matches
PLY-4C0B8BB371,TEAM-51EA86E0,Alejandro Francés,es ESP,DF,Girona,23-214,2002.0,15,5,493,5.5,0,0,0,0,0,0,1,1,0.0,0.0,0.0,0.0,0.0,Matches
PLY-F3361AE008,TEAM-27AC674B,Alex Freeman,us USA,DF,Villarreal,21-206,2004.0,3,0,34,0.4,0,0,0,0,0,0,0,0,0.0,0.0,0.0,0.0,0.0,Matches
PLY-31F54D973E,TEAM-A415D192,Jorge de Frutos,es ESP,"FW,MF",Rayo Vallecano,29-011,1997.0,23,23,1669,18.5,8,1,9,8,0,0,2,0,0.43,0.05,0.49,0.43,0.49,Matches
PLY-32F3137146,TEAM-839B22B8,Javi Galán,es ESP,DF,Osasuna,31-104,1994.0,9,9,794,8.8,0,1,1,0,0,0,1,0,0.0,0.11,0.11,0.0,0.11,Matches
PLY-32F3137146,TEAM-F53424F0,Javi Galán,es ESP,DF,Atlético Madrid,31-104,1994.0,5,1,134,1.5,0,0,0,0,0,0,0,0,0.0,0.0,0.0,0.0,0.0,Matches
PLY-BFE55EB8E3,TEAM-0587F59E,Iñigo Ruiz de Galarreta,es ESP,MF,Athletic Club,32-209,1993.0,24,22,1556,17.3,1,1,2,1,0,0,10,0,0.06,0.06,0.12,0.06,0.12,Matches
PLY-555A757878,TEAM-F53424F0,Conor Gallagher,eng ENG,MF,Atlético Madrid,26-025,2000.0,19,4,679,7.5,2,0,2,2,0,0,2,0,0.27,0.0,0.27,0.27,0.27,Matches
PLY-4FA5A54D7D,TEAM-3E37DB98,Facundo Garcés,my MAS,DF,Alavés,26-179,1999.0,10,8,793,8.8,0,0,0,0,0,0,3,0,0.0,0.0,0.0,0.0,0.0,Matches
PLY-397E3EF1DE,TEAM-A415D192,Álvaro García,es ESP,"MF,FW",Rayo Vallecano,33-127,1992.0,25,19,1696,18.8,3,4,7,3,0,0,3,0,0.16,0.21,0.37,0.16,0.37,Matches
PLY-384D9BAC3D,TEAM-0587F59E,Eder García,es ESP,FW,Athletic Club,22-058,2004.0,1,0,21,0.2,0,0,0,0,0,0,1,0,0.0,0.0,0.0,0.0,0.0,Matches
PLY-A04D67D618,TEAM-550D05AB,Eric García,es ESP,"DF,MF",Barcelona,25-053,2001.0,26,24,2080,23.1,1,1,2,1,0,0,3,0,0.04,0.04,0.09,0.04,0.09,Matches
PLY-966EBAF55B,TEAM-93330B41,Fran Garcia,es ESP,"DF,MF",Real Madrid,26-201,1999.0,7,5,414,4.6,1,0,1,1,0,0,2,1,0.22,0.0,0.22,0.22,0.22,Matches
PLY-0735AFBBB9,TEAM-93330B41,Gonzalo García,es ESP,FW,Real Madrid,21-344,2004.0,21,6,629,7.0,4,0,4,4,0,0,1,0,0.57,0.0,0.57,0.57,0.57,Matches
PLY-87B98D86E5,TEAM-720795A0,Hugo García,es ESP,MF,Celta Vigo,19-123,2006.0,1,0,8,0.1,0,0,0,0,0,0,0,0,0.0,0.0,0.0,0.0,0.0,Matches
PLY-C6876E1E1B,TEAM-550D05AB,Joan García,es ESP,GK,Barcelona,24-303,2001.0,20,20,1800,20.0,0,0,0,0,0,0,1,0,0.0,0.0,0.0,0.0,0.0,Matches
PLY-59AE4E24E7,TEAM-7C631724,Pablo Garcia,es ESP,MF,Real Betis,19-263,2006.0,14,2,372,4.1,0,0,0,0,0,0,1,0,0.0,0.0,0.0,0.0,0.0,Matches
PLY-F4382BFA5A,TEAM-839B22B8,Rubén García,es ESP,"MF,FW",Osasuna,32-232,1993.0,24,18,1488,16.5,2,5,7,2,0,0,4,0,0.12,0.3,0.42,0.12,0.42,Matches
PLY-B6087B6BE5,TEAM-1C981597,Víctor García,es ESP,"MF,FW",Levante,28-168,1997.0,12,6,460,5.1,0,0,0,0,0,0,0,0,0.0,0.0,0.0,0.0,0.0,Matches
PLY-DA8FC5D781,TEAM-B2118D2C,Federico Gattoni,ar ARG,DF,Sevilla,27-015,1999.0,1,0,10,0.1,0,0,0,0,0,0,0,0,0.0,0.0,0.0,0.0,0.0,Matches
PLY-2A4BCCCA3C,TEAM-550D05AB,Gavi,es ESP,"FW,MF",Barcelona,21-210,2004.0,2,0,67,0.7,0,1,1,0,0,0,0,0,0.0,1.34,1.34,0.0,1.34,Matches
PLY-8AF4FBC248,TEAM-51EA86E0,Paulo Gazzaniga,ar ARG,GK,Girona,34-060,1992.0,23,23,2022,22.5,0,0,0,0,0,0,4,1,0.0,0.0,0.0,0.0,0.0,Matches
PLY-EAD4BBE920,TEAM-A4EC0F45,Mourad El Ghezouani,ma MAR,FW,Elche,27-280,1998.0,2,0,50,0.6,0,0,0,0,0,0,0,0,0.0,0.0,0.0,0.0,0.0,Matches
PLY-5BA36114EB,TEAM-51EA86E0,Bryan Gil,es ESP,MF,Girona,25-020,2001.0,23,17,1349,15.0,0,3,3,0,0,0,4,0,0.0,0.2,0.2,0.0,0.2,Matches
PLY-5A9B760658,TEAM-839B22B8,Moi Gómez,es ESP,MF,Osasuna,31-253,1994.0,18,10,921,10.2,0,0,0,0,0,0,2,0,0.0,0.0,0.0,0.0,0.0,Matches
PLY-54109E33F4,TEAM-782246EA,Sergio Gómez,es ESP,DF,Real Sociedad,25-180,2000.0,24,20,1792,19.9,0,2,2,0,0,0,2,0,0.0,0.1,0.1,0.0,0.1,Matches
PLY-EE2DAA80F1,TEAM-0587F59E,Unai Gómez,es ESP,"MF,FW",Athletic Club,22-282,2003.0,18,6,599,6.7,1,1,2,1,0,0,1,0,0.15,0.15,0.3,0.15,0.3,Matches
PLY-70F15CC9E5,TEAM-7C631724,Valentín Gómez,ar ARG,DF,Real Betis,22-250,2003.0,18,11,1126,12.5,1,0,1,1,0,0,5,0,0.08,0.0,0.08,0.08,0.08,Matches
PLY-AEAA97426E,TEAM-F53424F0,Nicolás González,ar ARG,"MF,DF",Atlético Madrid,27-331,1998.0,18,15,1125,12.5,1,0,1,1,0,0,3,0,0.08,0.0,0.08,0.08,0.08,Matches
PLY-A39514FFC7,TEAM-D069E7F8,Urko González,es ESP,MF,Espanyol,24-348,2001.0,24,17,1640,18.2,0,1,1,0,0,0,4,0,0.0,0.05,0.05,0.0,0.05,Matches
PLY-A39514FFC7,TEAM-782246EA,Urko González,es ESP,"DF,MF",Real Sociedad,24-348,2001.0,1,0,11,0.1,0,0,0,0,0,0,0,0,0.0,0.0,0.0,0.0,0.0,Matches
PLY-D0BDD17A90,TEAM-0587F59E,Andoni Gorosabel,es ESP,DF,Athletic Club,29-211,1996.0,14,8,683,7.6,0,1,1,0,0,0,2,0,0.0,0.13,0.13,0.0,0.13,Matches
PLY-FD8944FEBB,TEAM-782246EA,Jon Gorrotxategi,es ESP,MF,Real Sociedad,24-029,2002.0,24,21,1863,20.7,1,3,4,1,0,0,7,0,0.05,0.14,0.19,0.05,0.19,Matches
PLY-D77D9A5155,TEAM-782246EA,Mikel Goti,es ESP,MF,Real Sociedad,23-284,2002.0,4,1,76,0.8,0,0,0,0,0,0,0,0,0.0,0.0,0.0,0.0,0.0,Matches
PLY-997616FCE2,TEAM-F53424F0,Antoine Griezmann,fr FRA,FW,Atlético Madrid,34-347,1991.0,23,6,870,9.7,6,0,6,6,0,0,0,0,0.62,0.0,0.62,0.62,0.62,Matches
PLY-0B52A878D3,TEAM-B2118D2C,Nemanja Gudelj,rs SRB,"DF,MF",Sevilla,34-107,1991.0,22,17,1590,17.7,1,0,1,1,0,0,6,0,0.06,0.0,0.06,0.06,0.06,Matches
PLY-0B1371124A,TEAM-782246EA,Gonçalo Guedes,pt POR,MF,Real Sociedad,29-094,1996.0,26,19,1494,16.6,6,4,10,6,0,0,1,0,0.36,0.24,0.6,0.36,0.6,Matches
PLY-45D54EB10D,TEAM-BDDFCDFA,Javier Guerra,es ESP,MF,Valencia,23-061,2003.0,25,15,1255,13.9,0,3,3,0,0,0,3,0,0.0,0.22,0.22,0.0,0.22,Matches
PLY-2B099CF685,TEAM-7C631724,Daniel Guerrero,es ESP,MF,Real Betis,20-220,2005.0,1,0,1,0.0,0,0,0,0,0,0,0,0,0.0,0.0,0.0,0.0,0.0,Matches
PLY-E03429C63A,TEAM-3E37DB98,Ander Guevara,es ESP,MF,Alavés,28-239,1997.0,18,2,528,5.9,1,0,1,1,0,0,2,0,0.17,0.0,0.17,0.17,0.17,Matches
PLY-1146C52D35,TEAM-27AC674B,Pape Gueye,sn SEN,MF,Villarreal,27-038,1999.0,20,16,1361,15.1,4,1,5,3,1,1,7,0,0.26,0.07,0.33,0.2,0.26,Matches
PLY-7F0B9BB964,TEAM-93330B41,Arda Güler,tr TUR,MF,Real Madrid,21-006,2005.0,26,21,1672,18.6,3,7,10,3,0,0,1,0,0.16,0.38,0.54,0.16,0.54,Matches
PLY-39FB80A975,TEAM-A415D192,Gerard Gumbau,es ESP,MF,Rayo Vallecano,31-075,1994.0,18,7,600,6.7,0,1,1,0,0,0,4,0,0.0,0.15,0.15,0.0,0.15,Matches
PLY-2D78527ABD,TEAM-3E37DB98,Jon Guridi,es ESP,"MF,FW",Alavés,31-003,1995.0,16,7,564,6.3,0,0,0,0,0,0,0,0,0.0,0.0,0.0,0.0,0.0,Matches
PLY-F8500CDE4A,TEAM-0587F59E,Gorka Guruzeta,es ESP,"FW,MF",Athletic Club,29-172,1996.0,23,19,1558,17.3,6,1,7,5,1,1,4,1,0.35,0.06,0.4,0.29,0.35,Matches
PLY-40D63970D6,TEAM-F53424F0,Dávid Hancko,sk SVK,DF,Atlético Madrid,28-080,1997.0,24,21,1937,21.5,0,2,2,0,0,0,0,0,0.0,0.09,0.09,0.0,0.09,Matches
PLY-F75378880A,TEAM-0FF29040,Haissem Hassan,fr FRA,"MF,FW",Oviedo,24-023,2002.0,24,16,1450,16.1,0,3,3,0,0,0,1,0,0.0,0.19,0.19,0.0,0.19,Matches
PLY-97ED29F4AA,TEAM-839B22B8,Jorge Herrando,es ESP,DF,Osasuna,25-003,2001.0,22,13,1290,14.3,0,1,1,0,0,0,2,0,0.0,0.07,0.07,0.0,0.07,Matches
PLY-E72C1DE27A,TEAM-839B22B8,Sergio Herrera,es ESP,GK,Osasuna,32-271,1993.0,26,26,2340,26.0,0,0,0,0,0,0,3,0,0.0,0.0,0.0,0.0,0.0,Matches
PLY-61A6EF4BCB,TEAM-51EA86E0,Yangel Herrera,ve VEN,MF,Girona,28-048,1998.0,2,2,110,1.2,0,0,0,0,0,0,0,0,0.0,0.0,0.0,0.0,0.0,Matches
PLY-61A6EF4BCB,TEAM-782246EA,Yangel Herrera,ve VEN,MF,Real Sociedad,28-048,1998.0,6,3,208,2.3,0,0,0,0,0,0,1,0,0.0,0.0,0.0,0.0,0.0,Matches
PLY-EC436D2C08,TEAM-0587F59E,Asier Hierro,es ESP,FW,Athletic Club,20-301,2005.0,1,0,34,0.4,0,0,0,0,0,0,0,0,0.0,0.0,0.0,0.0,0.0,Matches
PLY-9D3464B615,TEAM-D069E7F8,Omar El Hilali,ma MAR,DF,Espanyol,22-172,2003.0,24,21,1850,20.6,0,2,2,0,0,0,5,0,0.0,0.1,0.1,0.0,0.1,Matches
PLY-3398D1DCB0,TEAM-A4EC0F45,Ali Houary,ma MAR,MF,Elche,20-210,2005.0,2,2,123,1.4,0,0,0,0,0,0,0,0,0.0,0.0,0.0,0.0,0.0,Matches
PLY-6801D6220D,TEAM-93330B41,Dean Huijsen,es ESP,DF,Real Madrid,20-323,2005.0,19,17,1406,15.6,1,2,3,1,0,0,5,1,0.06,0.13,0.19,0.06,0.19,Matches
PLY-475D832439,TEAM-3E37DB98,Pablo Ibáñez,es ESP,MF,Alavés,27-164,1998.0,26,20,1605,17.8,1,1,2,1,0,0,5,0,0.06,0.06,0.11,0.06,0.11,Matches
PLY-B078D5694E,TEAM-B2118D2C,Stanis Idumbo,be BEL,MF,Sevilla,20-247,2005.0,1,1,45,0.5,0,0,0,0,0,0,0,0,0.0,0.0,0.0,0.0,0.0,Matches
PLY-25FB4638BB,TEAM-7273A887,Iglesias,es ESP,"DF,MF",Getafe,27-243,1998.0,25,24,2110,23.4,1,2,3,1,0,0,3,0,0.04,0.09,0.13,0.04,0.13,Matches
PLY-B984B212E8,TEAM-720795A0,Borja Iglesias,es ESP,FW,Celta Vigo,33-045,1993.0,23,15,1343,14.9,10,2,12,7,3,3,5,0,0.67,0.13,0.8,0.47,0.6,Matches
PLY-0BE9602E2F,TEAM-0FF29040,Luka Ilić,rs SRB,"MF,FW",Oviedo,26-244,1999.0,15,6,567,6.3,1,0,1,1,0,0,4,1,0.16,0.0,0.16,0.16,0.16,Matches
PLY-5B3D48AEBC,TEAM-7C631724,Isco,es ESP,"FW,MF",Real Betis,33-316,1992.0,1,0,31,0.3,0,1,1,0,0,0,0,0,0.0,2.9,2.9,0.0,2.9,Matches
PLY-D852D51ADC,TEAM-0587F59E,Urko Izeta,es ESP,FW,Athletic Club,26-155,1999.0,10,1,159,1.8,0,0,0,0,0,0,2,0,0.0,0.0,0.0,0.0,0.0,Matches
PLY-9A7C8F7283,TEAM-A4EC0F45,Jairo Izquierdo,es ESP,"DF,FW",Elche,32-132,1993.0,1,0,24,0.3,0,0,0,0,0,0,0,0,0.0,0.0,0.0,0.0,0.0,Matches
PLY-BB72B40A81,TEAM-B2118D2C,Adnan Januzaj,be BEL,"MF,FW",Sevilla,31-026,1995.0,12,2,321,3.6,0,0,0,0,0,0,1,0,0.0,0.0,0.0,0.0,0.0,Matches
PLY-5FB1C2588A,TEAM-0587F59E,Mikel Jauregizar,es ESP,MF,Athletic Club,22-110,2003.0,25,25,2103,23.4,2,0,2,2,0,0,3,0,0.09,0.0,0.09,0.09,0.09,Matches
PLY-24353BB7E8,TEAM-93330B41,David Jiménez,es ESP,DF,Real Madrid,21-354,2004.0,2,1,76,0.8,0,0,0,0,0,0,0,0,0.0,0.0,0.0,0.0,0.0,Matches
PLY-EA8BDD78EC,TEAM-D069E7F8,Jofre,es ESP,MF,Espanyol,24-259,2001.0,18,8,749,8.3,1,0,1,1,0,0,1,0,0.12,0.0,0.12,0.12,0.12,Matches
PLY-8D9BF7723B,TEAM-550D05AB,Frenkie de Jong,nl NED,MF,Barcelona,28-295,1997.0,19,16,1495,16.6,1,4,5,1,0,0,4,1,0.06,0.24,0.3,0.06,0.3,Matches
PLY-4436416921,TEAM-B2118D2C,Joan Jordán,es ESP,MF,Sevilla,31-240,1994.0,3,0,25,0.3,0,0,0,0,0,0,1,1,0.0,0.0,0.0,0.0,0.0,Matches
PLY-B72FDDA7D7,TEAM-A4EC0F45,Josan,es ESP,"MF,DF",Elche,36-090,1989.0,13,4,440,4.9,0,2,2,0,0,0,2,0,0.0,0.41,0.41,0.0,0.41,Matches
PLY-82E5E7011C,TEAM-0E077100,Mateo Joseph,es ESP,"MF,FW",Mallorca,22-135,2003.0,25,16,1411,15.7,2,2,4,2,0,0,2,0,0.13,0.13,0.26,0.13,0.26,Matches
PLY-D8193CEE4B,TEAM-7273A887,Juanmi,es ESP,"FW,MF",Getafe,32-287,1993.0,8,0,179,2.0,1,0,1,1,0,0,0,0,0.5,0.0,0.5,0.5,0.5,Matches
PLY-60A8950DFC,TEAM-27AC674B,Luiz Lúcio Reis Júnior,br BRA,GK,Villarreal,25-048,2001.0,23,23,2070,23.0,0,0,0,0,0,0,3,0,0.0,0.0,0.0,0.0,0.0,Matches
PLY-20A38E3994,TEAM-93330B41,Vinicius Júnior,br BRA,"FW,MF",Real Madrid,25-234,2000.0,25,22,1941,21.6,9,5,14,6,3,4,7,0,0.42,0.23,0.65,0.28,0.51,Matches
PLY-CEE4CDEDF0,TEAM-720795A0,Ferran Jutglà,es ESP,"FW,MF",Celta Vigo,27-030,1999.0,18,13,951,10.6,4,1,5,4,0,0,4,0,0.38,0.09,0.47,0.38,0.47,Matches
PLY-4687531568,TEAM-7273A887,Abu Kamara,eng ENG,MF,Getafe,22-225,2003.0,9,1,196,2.2,0,0,0,0,0,0,1,0,0.0,0.0,0.0,0.0,0.0,Matches
PLY-C3451911FC,TEAM-782246EA,Jon Karrikaburu,es ESP,FW,Real Sociedad,23-165,2002.0,6,0,132,1.5,0,0,0,0,0,0,0,0,0.0,0.0,0.0,0.0,0.0,Matches
PLY-56E3A861D5,TEAM-D069E7F8,Kiké,es ESP,FW,Espanyol,36-098,1989.0,25,10,1087,12.1,5,1,6,4,1,1,3,0,0.41,0.08,0.5,0.33,0.41,Matches
PLY-E535E0E145,TEAM-F53424F0,Koke,es ESP,MF,Atlético Madrid,34-054,1992.0,24,15,1485,16.5,2,2,4,2,0,0,4,0,0.12,0.12,0.24,0.12,0.24,Matches
PLY-158E58B60C,TEAM-D069E7F8,Luca Koleosho,it ITA,MF,Espanyol,21-169,2004.0,3,0,63,0.7,0,0,0,0,0,0,0,0,0.0,0.0,0.0,0.0,0.0,Matches
PLY-9C41E38434,TEAM-550D05AB,Jules Koundé,fr FRA,DF,Barcelona,27-111,1998.0,25,20,1903,21.1,1,3,4,1,0,0,4,0,0.05,0.14,0.19,0.05,0.19,Matches
PLY-E1039C0E68,TEAM-51EA86E0,Lancinet Kourouma,gn GUI,FW,Girona,21-338,2004.0,5,0,43,0.5,0,0,0,0,0,0,0,1,0.0,0.0,0.0,0.0,0.0,Matches
PLY-0B22DF4573,TEAM-1C981597,Goduine Koyalipou,cf CTA,FW,Levante,26-016,2000.0,11,2,247,2.7,1,0,1,1,0,0,1,0,0.36,0.0,0.36,0.36,0.36,Matches
PLY-DCB464470B,TEAM-51EA86E0,Vladyslav Krapyvtsov,ua UKR,GK,Girona,20-251,2005.0,2,1,136,1.5,0,0,0,0,0,0,0,0,0.0,0.0,0.0,0.0,0.0,Matches
PLY-D9CF4D7D0C,TEAM-51EA86E0,Ladislav Krejčí,cz CZE,DF,Girona,26-317,1999.0,2,2,180,2.0,0,0,0,0,0,0,1,0,0.0,0.0,0.0,0.0,0.0,Matches
PLY-101C84C434,TEAM-782246EA,Takefusa Kubo,jp JPN,MF,Real Sociedad,24-272,2001.0,18,13,1179,13.1,2,3,5,2,0,0,0,0,0.15,0.23,0.38,0.15,0.38,Matches
PLY-AD23F340B9,TEAM-0E077100,Marash Kumbulla,al ALB,DF,Mallorca,26-023,2000.0,7,5,420,4.7,0,0,0,0,0,0,1,0,0.0,0.0,0.0,0.0,0.0,Matches
PLY-249FE86250,TEAM-1C981597,Adrián de la Fuente,es ESP,DF,Levante,27-005,1999.0,23,20,1826,20.3,2,1,3,1,1,1,4,0,0.1,0.05,0.15,0.05,0.1,Matches
PLY-EDF8819985,TEAM-720795A0,Yoel Lago,es ESP,DF,Celta Vigo,21-343,2004.0,4,4,333,3.7,0,0,0,0,0,0,2,0,0.0,0.0,0.0,0.0,0.0,Matches
PLY-35D9A02290,TEAM-0587F59E,Aymeric Laporte,es ESP,DF,Athletic Club,31-280,1994.0,15,14,1219,13.5,0,1,1,0,0,0,2,0,0.0,0.07,0.07,0.0,0.07,Matches
PLY-285E46B6E4,TEAM-0E077100,Toni Lato,es ESP,"DF,MF",Mallorca,28-102,1997.0,8,5,375,4.2,0,1,1,0,0,0,2,0,0.0,0.24,0.24,0.0,0.24,Matches
PLY-465F3C89C3,TEAM-F53424F0,Robin Le Normand,es ESP,DF,Atlético Madrid,29-112,1996.0,20,12,1288,14.3,1,0,1,1,0,0,3,0,0.07,0.0,0.07,0.07,0.07,Matches
PLY-C68B67918B,TEAM-A415D192,Florian Lejeune,fr FRA,DF,Rayo Vallecano,34-287,1991.0,25,25,2240,24.9,0,0,0,0,0,0,3,0,0.0,0.0,0.0,0.0,0.0,Matches
PLY-42A9C09296,TEAM-3E37DB98,Youssef Lekhedim,es ESP,"DF,MF",Alavés,20-147,2005.0,19,10,1016,11.3,0,1,1,0,0,0,3,0,0.0,0.09,0.09,0.0,0.09,Matches
PLY-640445E9F9,TEAM-0587F59E,Iñigo Lekue,es ESP,DF,Athletic Club,32-303,1993.0,8,6,434,4.8,0,0,0,0,0,0,2,2,0.0,0.0,0.0,0.0,0.0,Matches
PLY-2B12968398,TEAM-51EA86E0,Thomas Lemar,fr FRA,MF,Girona,30-111,1995.0,17,10,904,10.0,2,1,3,2,0,0,2,0,0.2,0.1,0.3,0.2,0.3,Matches
PLY-FD5E707C6A,TEAM-BDDFCDFA,Ruben Lendinez,es ESP,DF,Valencia,22-354,2003.0,1,0,4,0.0,0,0,0,0,0,0,0,0,0.0,0.0,0.0,0.0,0.0,Matches
PLY-FDB997C464,TEAM-F53424F0,Clément Lenglet,fr FRA,DF,Atlético Madrid,30-259,1995.0,11,11,837,9.3,0,0,0,0,0,0,4,1,0.0,0.0,0.0,0.0,0.0,Matches
PLY-DA220C35C8,TEAM-550D05AB,Robert Lewandowski,pl POL,FW,Barcelona,37-194,1988.0,21,10,1030,11.4,11,1,12,10,1,3,2,0,0.96,0.09,1.05,0.87,0.96,Matches
PLY-B63DD5C587,TEAM-7273A887,Adrián Liso,es ESP,"FW,MF",Getafe,20-335,2005.0,22,17,1406,15.6,3,0,3,3,0,0,4,1,0.19,0.0,0.19,0.19,0.19,Matches
PLY-6C65DEDD2A,TEAM-0E077100,Javier Llabrés,es ESP,MF,Mallorca,23-173,2002.0,14,1,168,1.9,0,0,0,0,0,0,0,0,0.0,0.0,0.0,0.0,0.0,Matches
PLY-3636331947,TEAM-7C631724,Diego Llorente,es ESP,DF,Real Betis,32-199,1993.0,9,7,517,5.7,1,0,1,1,0,0,3,0,0.17,0.0,0.17,0.17,0.17,Matches
PLY-7583C9FB7B,TEAM-F53424F0,Marcos Llorente,es ESP,"DF,MF",Atlético Madrid,31-032,1995.0,22,20,1708,19.0,0,4,4,0,0,0,4,0,0.0,0.21,0.21,0.0,0.21,Matches
PLY-3FAC03544B,TEAM-7C631724,Giovani Lo Celso,ar ARG,MF,Real Betis,29-328,1996.0,17,11,1094,12.2,2,2,4,2,0,0,3,0,0.16,0.16,0.33,0.16,0.33,Matches
PLY-63D1BF2B8D,TEAM-F53424F0,Ademola Lookman,ng NGA,FW,Atlético Madrid,28-134,1997.0,4,3,202,2.2,1,0,1,1,0,0,1,0,0.45,0.0,0.45,0.45,0.45,Matches
PLY-F55437EF74,TEAM-0E077100,David López,es ESP,DF,Mallorca,23-028,2003.0,5,5,421,4.7,0,0,0,0,0,0,1,0,0.0,0.0,0.0,0.0,0.0,Matches
PLY-F55437EF74,TEAM-51EA86E0,David López,es ESP,DF,Girona,36-145,1989.0,3,2,202,2.2,0,0,0,0,0,0,0,0,0.0,0.0,0.0,0.0,0.0,Matches
PLY-2ADDAB251E,TEAM-BDDFCDFA,Diego López,es ESP,"MF,FW",Valencia,23-294,2002.0,23,15,1290,14.3,3,0,3,3,0,0,2,0,0.21,0.0,0.21,0.21,0.21,Matches
PLY-5355FD5B8A,TEAM-720795A0,Fer López,es ESP,"FW,MF",Celta Vigo,21-283,2004.0,5,5,392,4.4,0,0,0,0,0,0,0,0,0.0,0.0,0.0,0.0,0.0,Matches
PLY-898E61501A,TEAM-550D05AB,Fermin López,es ESP,MF,Barcelona,22-296,2003.0,20,12,1187,13.2,5,7,12,5,0,0,2,0,0.38,0.53,0.91,0.38,0.91,Matches
PLY-AB385B5D62,TEAM-27AC674B,Hugo López,es ESP,MF,Villarreal,19-061,2007.0,2,1,56,0.6,0,0,0,0,0,0,0,0,0.0,0.0,0.0,0.0,0.0,Matches
PLY-125CC06F4D,TEAM-0FF29040,Javi López,es ESP,DF,Oviedo,23-343,2002.0,13,10,842,9.4,0,0,0,0,0,0,1,0,0.0,0.0,0.0,0.0,0.0,Matches
PLY-B15FE5BFAC,TEAM-7C631724,Pau López,es ESP,GK,Real Betis,31-080,1994.0,8,8,720,8.0,0,0,0,0,0,0,1,0,0.0,0.0,0.0,0.0,0.0,Matches
PLY-FD9AD38D0B,TEAM-A415D192,Unai López,es ESP,MF,Rayo Vallecano,30-124,1995.0,18,14,1065,11.8,0,3,3,0,0,0,7,1,0.0,0.25,0.25,0.0,0.25,Matches
PLY-7B93F0AC51,TEAM-1C981597,Iker Losada,es ESP,MF,Levante,24-214,2001.0,15,6,510,5.7,2,0,2,2,0,0,1,0,0.35,0.0,0.35,0.35,0.35,Matches
PLY-1771DE8B43,TEAM-D069E7F8,Pol Lozano,es ESP,MF,Espanyol,26-148,1999.0,24,22,1690,18.8,1,1,2,1,0,0,6,0,0.05,0.05,0.11,0.05,0.11,Matches
PLY-1584BD0A02,TEAM-1C981597,Sergio Lozano,es ESP,MF,Levante,26-344,1999.0,1,0,12,0.1,0,0,0,0,0,0,0,0,0.0,0.0,0.0,0.0,0.0,Matches
PLY-66BAB0A072,TEAM-0FF29040,Oier Luengo,es ESP,DF,Oviedo,28-112,1997.0,3,3,225,2.5,0,1,1,0,0,0,1,0,0.0,0.4,0.4,0.0,0.4,Matches
PLY-1ECC4FC892,TEAM-BDDFCDFA,José Luis Gayà,es ESP,DF,Valencia,30-282,1995.0,22,21,1699,18.9,1,1,2,1,0,0,6,1,0.05,0.05,0.11,0.05,0.11,Matches
PLY-2C038A85A9,TEAM-1C981597,José Luis Morales,es ESP,MF,Levante,38-223,1987.0,18,1,321,3.6,1,1,2,0,1,1,1,0,0.28,0.28,0.56,0.0,0.28,Matches
PLY-19099EB13A,TEAM-B2118D2C,Dodi Lukebakio,be BEL,MF,Sevilla,28-160,1997.0,2,2,180,2.0,1,0,1,1,0,0,0,0,0.5,0.0,0.5,0.5,0.5,Matches
PLY-D27456C479,TEAM-0E077100,Zito Luvumbo,ao ANG,"FW,MF",Mallorca,23-359,2002.0,2,0,67,0.7,0,0,0,0,0,0,0,0,0.0,0.0,0.0,0.0,0.0,Matches
PLY-8F44E31618,TEAM-27AC674B,Carlos Macià,es ESP,MF,Villarreal,17-183,2008.0,4,0,81,0.9,0,0,0,0,0,0,1,0,0.0,0.0,0.0,0.0,0.0,Matches
PLY-E23D40253C,TEAM-0E077100,Pablo Maffeo,es ESP,DF,Mallorca,28-234,1997.0,21,20,1789,19.9,1,0,1,1,0,0,6,0,0.05,0.0,0.05,0.05,0.05,Matches
PLY-331ABABCAA,TEAM-3E37DB98,Aitor Mañas,es ESP,FW,Alavés,23-057,2003.0,6,0,71,0.8,0,0,0,0,0,0,0,0,0.0,0.0,0.0,0.0,0.0,Matches
PLY-293660917E,TEAM-B2118D2C,Marcão,br BRA,DF,Sevilla,29-271,1996.0,13,11,938,10.4,1,0,1,1,0,0,5,1,0.1,0.0,0.1,0.1,0.1,Matches
PLY-AF04261CA9,TEAM-F53424F0,José María Giménez,uy URU,DF,Atlético Madrid,31-042,1995.0,11,10,904,10.0,0,0,0,0,0,0,3,0,0.0,0.0,0.0,0.0,0.0,Matches
PLY-529F9DB80F,TEAM-3E37DB98,Mariano,do DOM,FW,Alavés,32-214,1993.0,9,3,281,3.1,0,0,0,0,0,0,1,0,0.0,0.0,0.0,0.0,0.0,Matches
PLY-71868DEB4C,TEAM-782246EA,Arkaitz Mariezkurrena,es ESP,FW,Real Sociedad,20-332,2005.0,1,0,1,0.0,0,0,0,0,0,0,0,0,0.0,0.0,0.0,0.0,0.0,Matches
PLY-07ED1B7E66,TEAM-27AC674B,Rafa Marín,es ESP,DF,Villarreal,23-288,2002.0,16,15,1394,15.5,1,0,1,1,0,0,1,0,0.06,0.0,0.06,0.06,0.06,Matches
PLY-54AD0EA39C,TEAM-782246EA,Pablo Marín,es ESP,MF,Real Sociedad,22-243,2003.0,23,11,1019,11.3,0,0,0,0,0,0,1,0,0.0,0.0,0.0,0.0,0.0,Matches
PLY-4C7D851A39,TEAM-550D05AB,Tomas Marques,es ESP,MF,Barcelona,19-124,2006.0,1,0,7,0.1,0,0,0,0,0,0,0,0,0.0,0.0,0.0,0.0,0.0,Matches
PLY-68EF96216A,TEAM-A415D192,Carlos Martín,es ESP,"MF,FW",Rayo Vallecano,23-315,2002.0,4,3,198,2.2,0,0,0,0,0,0,1,0,0.0,0.0,0.0,0.0,0.0,Matches
PLY-15DE516E5D,TEAM-550D05AB,Gerard Martín,es ESP,DF,Barcelona,24-061,2002.0,21,15,1174,13.0,0,0,0,0,0,0,5,0,0.0,0.0,0.0,0.0,0.0,Matches
PLY-81DB098AA8,TEAM-51EA86E0,Iván Martín,es ESP,MF,Girona,27-017,1999.0,24,22,1881,20.9,0,1,1,0,0,0,5,1,0.0,0.05,0.05,0.0,0.05,Matches
PLY-6AC5CC1192,TEAM-782246EA,Jon Martin,es ESP,DF,Real Sociedad,19-314,2006.0,16,16,1440,16.0,0,0,0,0,0,0,4,0,0.0,0.0,0.0,0.0,0.0,Matches
PLY-CAC3F06CD8,TEAM-7273A887,Mario Martín,es ESP,"MF,FW",Getafe,21-363,2004.0,24,20,1482,16.5,2,0,2,2,0,0,8,0,0.12,0.0,0.12,0.12,0.12,Matches
PLY-CFA4974213,TEAM-51EA86E0,Arnau Martinez,es ESP,"DF,MF",Girona,22-312,2003.0,23,21,1710,19.0,1,1,2,1,0,0,6,0,0.05,0.05,0.11,0.05,0.11,Matches
PLY-3C7BFFBB43,TEAM-B2118D2C,Joaquín Martínez Gauna,es ESP,"MF,DF",Sevilla,22-237,2003.0,9,5,599,6.7,0,2,2,0,0,0,1,0,0.0,0.3,0.3,0.0,0.3,Matches
PLY-64F3FC60AF,TEAM-1C981597,Pablo Martínez,es ESP,MF,Levante,28-009,1998.0,17,13,1172,13.0,1,2,3,1,0,0,2,0,0.08,0.15,0.23,0.08,0.23,Matches
PLY-65059E2978,TEAM-B2118D2C,Ramón Martínez,es ESP,DF,Sevilla,23-132,2002.0,2,0,102,1.1,0,0,0,0,0,0,0,0,0.0,0.0,0.0,0.0,0.0,Matches
PLY-661534DF92,TEAM-3E37DB98,Toni Martínez,es ESP,FW,Alavés,28-246,1997.0,25,20,1686,18.7,5,2,7,5,0,0,1,0,0.27,0.11,0.37,0.27,0.37,Matches
PLY-C0DF7B0933,TEAM-0E077100,Omar Mascarell,gq EQG,MF,Mallorca,33-029,1993.0,19,15,1302,14.5,1,1,2,1,0,0,4,0,0.07,0.07,0.14,0.07,0.14,Matches
PLY-20977EE35D,TEAM-93330B41,Franco Mastantuono,ar ARG,"MF,FW",Real Madrid,18-201,2007.0,16,9,769,8.5,1,0,1,1,0,0,4,1,0.12,0.0,0.12,0.12,0.12,Matches
PLY-7F629605B6,TEAM-1C981597,Alan Matturro,uy URU,DF,Levante,21-143,2004.0,12,7,600,6.7,1,0,1,1,0,0,0,1,0.15,0.0,0.15,0.15,0.15,Matches
PLY-57FB1FFF10,TEAM-B2118D2C,Neal Maupay,fr FRA,FW,Sevilla,29-201,1996.0,4,4,316,3.5,1,0,1,1,0,0,0,0,0.28,0.0,0.28,0.28,0.28,Matches
PLY-FCCC157C68,TEAM-7273A887,Borja Mayoral,es ESP,FW,Getafe,28-332,1997.0,14,12,1041,11.6,4,1,5,4,0,1,0,0,0.35,0.09,0.43,0.35,0.43,Matches
PLY-8DEB7339E2,TEAM-93330B41,Kylian Mbappé,fr FRA,FW,Real Madrid,27-073,1998.0,23,23,2020,22.4,23,4,27,15,8,9,3,0,1.02,0.18,1.2,0.67,0.85,Matches
PLY-D14CAE06AF,TEAM-782246EA,Brais Méndez,es ESP,"MF,FW",Real Sociedad,29-055,1997.0,22,16,1323,14.7,5,2,7,4,1,1,4,1,0.34,0.14,0.48,0.27,0.41,Matches
PLY-F67B1492AC,TEAM-A4EC0F45,Rodrigo Mendoza,es ESP,"MF,FW",Elche,20-353,2005.0,16,6,794,8.8,1,0,1,1,0,0,4,0,0.11,0.0,0.11,0.11,0.11,Matches
PLY-F67B1492AC,TEAM-F53424F0,Rodrigo Mendoza,es ESP,MF,Atlético Madrid,20-353,2005.0,3,3,169,1.9,0,0,0,0,0,0,1,0,0.0,0.0,0.0,0.0,0.0,Matches
PLY-6D4FD0BF9F,TEAM-B2118D2C,Batista Mendy,fr FRA,MF,Sevilla,26-050,2000.0,21,18,1464,16.3,1,0,1,1,0,0,6,0,0.06,0.0,0.06,0.06,0.06,Matches
PLY-746989A622,TEAM-93330B41,Ferland Mendy,fr FRA,DF,Real Madrid,30-268,1995.0,1,0,2,0.0,0,0,0,0,0,0,0,0,0.0,0.0,0.0,0.0,0.0,Matches
PLY-4E16E2994B,TEAM-A415D192,Nobel Mendy,fr FRA,DF,Rayo Vallecano,21-181,2004.0,16,15,1274,14.2,2,0,2,2,0,0,4,1,0.14,0.0,0.14,0.14,0.14,Matches
PLY-3FB8967359,TEAM-7273A887,Alejandro Mestanza,es ESP,MF,Getafe,21-086,2004.0,3,1,71,0.8,0,0,0,0,0,0,0,0,0.0,0.0,0.0,0.0,0.0,Matches
PLY-1DA8C8DCDB,TEAM-27AC674B,Georges Mikautadze,ge GEO,FW,Villarreal,25-123,2000.0,21,15,1357,15.1,8,4,12,8,0,0,1,0,0.53,0.27,0.8,0.53,0.8,Matches
PLY-238360A123,TEAM-93330B41,Éder Militão,br BRA,DF,Real Madrid,28-044,1998.0,13,12,1000,11.1,1,1,2,1,0,0,2,0,0.09,0.09,0.18,0.09,0.18,Matches
PLY-140D8CB240,TEAM-7273A887,Luis Milla,es ESP,MF,Getafe,31-147,1994.0,25,25,2204,24.5,0,8,8,0,0,0,3,1,0.0,0.33,0.33,0.0,0.33,Matches
PLY-7576C2CD70,TEAM-D069E7F8,Pere Milla,es ESP,"MF,FW",Espanyol,33-161,1992.0,24,21,1575,17.5,6,0,6,6,0,0,4,1,0.34,0.0,0.34,0.34,0.34,Matches
PLY-EC7C1990A3,TEAM-720795A0,Óscar Mingueza,es ESP,"MF,DF",Celta Vigo,26-294,1999.0,22,15,1345,14.9,1,3,4,1,0,0,3,0,0.07,0.2,0.27,0.07,0.27,Matches
PLY-62C04E1918,TEAM-51EA86E0,Bojan Miovski,mk MKD,FW,Girona,26-252,1999.0,1,1,44,0.5,0,0,0,0,0,0,0,0,0.0,0.0,0.0,0.0,0.0,Matches
PLY-D0B8B9D60B,TEAM-A4EC0F45,Rafa Mir,es ESP,"FW,MF",Elche,28-258,1997.0,21,16,1420,15.8,7,0,7,6,1,2,2,0,0.44,0.0,0.44,0.38,0.38,Matches
PLY-270C740260,TEAM-0E077100,Johan Mojica,co COL,DF,Mallorca,33-194,1992.0,26,21,1962,21.8,0,3,3,0,0,0,4,0,0.0,0.14,0.14,0.0,0.14,Matches
PLY-8FB9AC53F6,TEAM-27AC674B,Alberto Moleiro,es ESP,MF,Villarreal,22-154,2003.0,25,22,1722,19.1,9,4,13,9,0,0,2,0,0.47,0.21,0.68,0.47,0.68,Matches
PLY-C5AFC0DA7B,TEAM-F53424F0,Nahuel Molina,ar ARG,DF,Atlético Madrid,27-331,1998.0,18,9,833,9.3,0,1,1,0,0,0,2,0,0.0,0.11,0.11,0.0,0.11,Matches
PLY-683D0E839A,TEAM-839B22B8,Jon Moncayola,es ESP,MF,Osasuna,27-294,1998.0,24,23,2013,22.4,0,4,4,0,0,0,6,0,0.0,0.18,0.18,0.0,0.18,Matches
PLY-9F5737D46C,TEAM-F53424F0,Jano Monserrate,es ESP,MF,Atlético Madrid,20-034,2006.0,1,0,18,0.2,0,0,0,0,0,0,0,0,0.0,0.0,0.0,0.0,0.0,Matches
PLY-54969EFA8B,TEAM-7273A887,Jorge Montes,es ESP,DF,Getafe,21-362,2004.0,1,0,27,0.3,0,0,0,0,0,0,0,0,0.0,0.0,0.0,0.0,0.0,Matches
PLY-917792E4DC,TEAM-3E37DB98,Diego Morcillo,es ESP,FW,Alavés,22-258,2003.0,1,0,10,0.1,0,0,0,0,0,0,0,0,0.0,0.0,0.0,0.0,0.0,Matches
PLY-6EBD3CED75,TEAM-51EA86E0,Álex Moreno,es ESP,"DF,MF",Girona,32-268,1993.0,21,20,1845,20.5,0,3,3,0,0,0,4,0,0.0,0.15,0.15,0.0,0.15,Matches
PLY-60FE3F0AA1,TEAM-27AC674B,Gerard Moreno,es ESP,FW,Villarreal,33-330,1992.0,12,10,721,8.0,7,0,7,5,2,2,0,0,0.87,0.0,0.87,0.62,0.62,Matches
PLY-A90D1B03F1,TEAM-1C981597,Matias Moreno,ar ARG,DF,Levante,22-160,2003.0,17,16,1307,14.5,0,0,0,0,0,0,4,0,0.0,0.0,0.0,0.0,0.0,Matches
PLY-27FCEC7B80,TEAM-A4EC0F45,Tete Morente,es ESP,MF,Elche,29-089,1996.0,3,3,223,2.5,0,0,0,0,0,0,1,0,0.0,0.0,0.0,0.0,0.0,Matches
PLY-CC4999248D,TEAM-0E077100,Mateu Morey,es ESP,"DF,MF",Mallorca,26-001,2000.0,15,8,626,7.0,1,0,1,1,0,0,2,0,0.14,0.0,0.14,0.14,0.14,Matches
PLY-618BACEAFF,TEAM-720795A0,Ilaix Moriba,gn GUI,MF,Celta Vigo,23-043,2003.0,26,18,1698,18.9,0,1,1,0,0,0,4,0,0.0,0.05,0.05,0.0,0.05,Matches
PLY-8214B3CE56,TEAM-0E077100,Manu Morlanes,es ESP,MF,Mallorca,27-050,1999.0,20,12,984,10.9,1,0,1,1,0,0,4,1,0.09,0.0,0.09,0.09,0.09,Matches
PLY-C4788D0880,TEAM-839B22B8,Raúl Moro,es ESP,MF,Osasuna,23-088,2002.0,5,3,260,2.9,0,2,2,0,0,0,0,0,0.0,0.69,0.69,0.0,0.69,Matches
PLY-351CF4BEA1,TEAM-27AC674B,Santiago Mouriño,uy URU,DF,Villarreal,24-018,2002.0,19,18,1609,17.9,0,2,2,0,0,0,9,1,0.0,0.11,0.11,0.0,0.11,Matches
PLY-FB0A58F8CF,TEAM-782246EA,Aihen Muñoz,es ESP,DF,Real Sociedad,28-199,1997.0,16,7,686,7.6,0,0,0,0,0,0,1,0,0.0,0.0,0.0,0.0,0.0,Matches
PLY-0CA4A6CDF9,TEAM-839B22B8,Iker Muñoz,es ESP,MF,Osasuna,23-118,2002.0,11,4,538,6.0,0,0,0,0,0,0,3,0,0.0,0.0,0.0,0.0,0.0,Matches
PLY-1BDA0CD0E0,TEAM-7273A887,Javier Muñoz,es ESP,"MF,FW",Getafe,31-003,1995.0,13,4,488,5.4,0,0,0,0,0,0,0,0,0.0,0.0,0.0,0.0,0.0,Matches
PLY-7CA8DE76F6,TEAM-839B22B8,Víctor Muñoz,es ESP,"MF,FW",Osasuna,22-233,2003.0,26,24,1996,22.2,4,1,5,4,0,0,2,0,0.18,0.05,0.23,0.18,0.23,Matches
PLY-2BA157B248,TEAM-0E077100,Vedat Muriqi,xk KVX,FW,Mallorca,31-313,1994.0,25,24,2048,22.8,16,1,17,11,5,6,3,1,0.7,0.04,0.75,0.48,0.53,Matches
PLY-E9819F2621,TEAM-F53424F0,Juan Musso,ar ARG,GK,Atlético Madrid,31-301,1994.0,1,1,90,1.0,0,0,0,0,0,0,1,0,0.0,0.0,0.0,0.0,0.0,Matches
PLY-C270696319,TEAM-7C631724,Natan,br BRA,DF,Real Betis,25-025,2001.0,24,24,2074,23.0,0,0,0,0,0,0,6,0,0.0,0.0,0.0,0.0,0.0,Matches
PLY-16CC5E7F8F,TEAM-27AC674B,Pau Navarro,es ESP,DF,Villarreal,20-312,2005.0,14,14,1182,13.1,0,0,0,0,0,0,3,0,0.0,0.0,0.0,0.0,0.0,Matches
PLY-F24F38ACD5,TEAM-0587F59E,Roberto Navarro,es ESP,MF,Athletic Club,23-325,2002.0,21,6,765,8.5,5,1,6,5,0,0,1,0,0.59,0.12,0.71,0.59,0.71,Matches
PLY-B6474556FB,TEAM-A4EC0F45,Martim Neto,pt POR,MF,Elche,23-048,2003.0,20,12,1072,11.9,2,4,6,2,0,0,1,0,0.17,0.34,0.5,0.17,0.5,Matches
PLY-65E5927807,TEAM-7273A887,Yvan Neyou,cm CMR,MF,Getafe,29-059,1997.0,5,0,67,0.7,0,0,0,0,0,0,2,0,0.0,0.0,0.0,0.0,0.0,Matches
PLY-A5BA629B9B,TEAM-D069E7F8,Cyril Ngonge,be BEL,MF,Espanyol,25-281,2000.0,3,1,108,1.2,0,1,1,0,0,0,1,0,0.0,0.83,0.83,0.0,0.83,Matches
PLY-85A179AB44,TEAM-B2118D2C,Tanguy Nianzou,fr FRA,DF,Sevilla,23-269,2002.0,9,5,459,5.1,0,0,0,0,0,0,5,0,0.0,0.0,0.0,0.0,0.0,Matches
PLY-6E20A9A341,TEAM-A415D192,Randy Nteka,ao ANG,"FW,MF",Rayo Vallecano,28-087,1997.0,8,0,99,1.1,0,0,0,0,0,0,0,0,0.0,0.0,0.0,0.0,0.0,Matches
PLY-BC203A01C6,TEAM-A4EC0F45,Álvaro Núñez,es ESP,"DF,MF",Elche,25-239,2000.0,19,19,1647,18.3,0,2,2,0,0,0,2,0,0.0,0.11,0.11,0.0,0.11,Matches
PLY-274620E8E1,TEAM-BDDFCDFA,Unai Núñez,es ESP,DF,Valencia,29-032,1997.0,4,4,320,3.6,0,0,0,0,0,0,1,0,0.0,0.0,0.0,0.0,0.0,Matches
PLY-294FFD7F59,TEAM-B2118D2C,Ørjan Nyland,no NOR,GK,Sevilla,35-174,1990.0,4,4,360,4.0,0,0,0,0,0,0,1,0,0.0,0.0,0.0,0.0,0.0,Matches
PLY-3EFF733915,TEAM-7273A887,Allan Nyom,cm CMR,DF,Getafe,37-297,1988.0,10,4,275,3.1,0,0,0,0,0,0,4,1,0.0,0.0,0.0,0.0,0.0,Matches
PLY-305A581361,TEAM-F53424F0,Jan Oblak,si SVN,GK,Atlético Madrid,33-055,1993.0,25,25,2250,25.0,0,0,0,0,0,0,0,0,0.0,0.0,0.0,0.0,0.0,Matches
PLY-C3E6CA4DDE,TEAM-782246EA,Job Ochieng',ke KEN,FW,Real Sociedad,23-045,2003.0,1,0,26,0.3,0,0,0,0,0,0,0,0,0.0,0.0,0.0,0.0,0.0,Matches
PLY-BCF00C51A8,TEAM-782246EA,Álvaro Odriozola,es ESP,DF,Real Sociedad,30-079,1995.0,5,2,201,2.2,1,0,1,1,0,0,0,0,0.45,0.0,0.45,0.45,0.45,Matches
PLY-424434C7E6,TEAM-1C981597,Olasagasti,es ESP,MF,Levante,25-199,2000.0,22,7,832,9.2,1,2,3,1,0,0,2,0,0.11,0.22,0.32,0.11,0.32,Matches
PLY-B3A4658F34,TEAM-550D05AB,Dani Olmo,es ESP,MF,Barcelona,27-300,1998.0,21,15,1326,14.7,6,6,12,6,0,0,0,0,0.41,0.41,0.81,0.41,0.81,Matches
PLY-BE9FE1CE2B,TEAM-27AC674B,Tani Oluwaseyi,ca CAN,FW,Villarreal,25-292,2000.0,21,5,637,7.1,2,1,3,2,0,0,1,0,0.28,0.14,0.42,0.28,0.42,Matches
PLY-D928F16DE8,TEAM-839B22B8,Aimar Oroz,es ESP,"MF,FW",Osasuna,24-096,2001.0,19,16,1392,15.5,0,2,2,0,0,0,5,0,0.0,0.13,0.13,0.0,0.13,Matches
PLY-AC0F07A248,TEAM-7C631724,Ángel Ortíz,es ESP,DF,Real Betis,21-221,2004.0,11,5,449,5.0,0,0,0,0,0,0,1,0,0.0,0.0,0.0,0.0,0.0,Matches
PLY-E7B269A38A,TEAM-839B22B8,Asier Osambela,es ESP,DF,Osasuna,22-023,2004.0,11,2,285,3.2,1,0,1,1,0,0,1,0,0.32,0.0,0.32,0.32,0.32,Matches
PLY-F6F9EDC9AD,TEAM-51EA86E0,Azzedine Ounahi,ma MAR,MF,Girona,25-318,2000.0,12,9,830,9.2,3,2,5,3,0,0,5,0,0.33,0.22,0.54,0.33,0.54,Matches
PLY-41413141F6,TEAM-782246EA,Mikel Oyarzabal,es ESP,FW,Real Sociedad,28-316,1997.0,23,23,1971,21.9,10,3,13,6,4,4,2,0,0.46,0.14,0.59,0.27,0.41,Matches
PLY-84A62FC4D6,TEAM-3E37DB98,Jon Pacheco,es ESP,DF,Alavés,25-054,2001.0,19,18,1591,17.7,0,0,0,0,0,0,2,0,0.0,0.0,0.0,0.0,0.0,Matches
PLY-FEC25472C0,TEAM-A415D192,Isaac Palazón Camacho,es ESP,"MF,FW",Rayo Vallecano,31-066,1994.0,24,22,1799,20.0,3,3,6,1,2,3,8,0,0.15,0.15,0.3,0.05,0.2,Matches
PLY-6DA9CA4F42,TEAM-1C981597,Diego Pampín,es ESP,DF,Levante,25-353,2000.0,6,4,368,4.1,0,0,0,0,0,0,2,0,0.0,0.0,0.0,0.0,0.0,Matches
PLY-E5C6A8DB46,TEAM-3E37DB98,Victor Parada,es ESP,DF,Alavés,23-333,2002.0,19,14,1235,13.7,0,2,2,0,0,0,8,1,0.0,0.15,0.15,0.0,0.15,Matches
PLY-4BBB391D58,TEAM-0587F59E,Aitor Paredes,es ESP,DF,Athletic Club,25-308,2000.0,17,16,1450,16.1,1,0,1,1,0,0,4,0,0.06,0.0,0.06,0.06,0.06,Matches
PLY-FB71F682AF,TEAM-27AC674B,Daniel Parejo,es ESP,MF,Villarreal,36-321,1989.0,22,12,1033,11.5,0,0,0,0,0,0,2,0,0.0,0.0,0.0,0.0,0.0,Matches
PLY-63E7482BE8,TEAM-27AC674B,Thomas Partey,gh GHA,MF,Villarreal,32-263,1993.0,16,7,713,7.9,0,0,0,0,0,0,0,0,0.0,0.0,0.0,0.0,0.0,Matches
PLY-BB97F9DDC1,TEAM-27AC674B,Alfonso Pedraza,es ESP,DF,Villarreal,29-328,1996.0,20,12,1125,12.5,1,2,3,1,0,0,6,0,0.08,0.16,0.24,0.08,0.24,Matches
PLY-10E37D554E,TEAM-550D05AB,Pedri,es ESP,MF,Barcelona,23-098,2002.0,18,14,1271,14.1,2,6,8,2,0,0,2,1,0.14,0.42,0.57,0.14,0.57,Matches
PLY-0F71FFE98C,TEAM-A4EC0F45,Adrià Pedrosa,es ESP,"DF,MF",Elche,27-294,1998.0,17,6,757,8.4,1,1,2,1,0,0,4,0,0.12,0.12,0.24,0.12,0.24,Matches
PLY-0F71FFE98C,TEAM-B2118D2C,Adrià Pedrosa,es ESP,"DF,MF",Sevilla,27-294,1998.0,1,0,6,0.1,0,0,0,0,0,0,0,0,0.0,0.0,0.0,0.0,0.0,Matches
PLY-CBF093A8A3,TEAM-A4EC0F45,Iñaki Peña,es ESP,GK,Elche,27-001,1999.0,16,16,1440,16.0,0,0,0,0,0,0,0,0,0.0,0.0,0.0,0.0,0.0,Matches
PLY-DAC4FE642A,TEAM-27AC674B,Nicolas Pépé,ci CIV,"MF,FW",Villarreal,30-278,1995.0,25,17,1598,17.8,3,4,7,3,0,0,3,0,0.17,0.23,0.39,0.17,0.39,Matches
PLY-B609FEDB4C,TEAM-B2118D2C,Peque,es ESP,"MF,FW",Sevilla,23-150,2002.0,21,11,873,9.7,2,1,3,2,0,0,6,0,0.21,0.1,0.31,0.21,0.31,Matches
PLY-19419DA062,TEAM-3E37DB98,Ángel Pérez,es ESP,MF,Alavés,23-186,2002.0,4,2,223,2.5,0,0,0,0,0,0,0,0,0.0,0.0,0.0,0.0,0.0,Matches
PLY-71FB846828,TEAM-27AC674B,Ayoze Pérez,es ESP,FW,Villarreal,32-217,1993.0,18,9,819,9.1,2,3,5,2,0,0,3,0,0.22,0.33,0.55,0.22,0.55,Matches
PLY-46F58FECDA,TEAM-A415D192,Francisco Perez,es ESP,"MF,FW",Rayo Vallecano,23-175,2002.0,21,7,857,9.5,2,0,2,2,0,0,2,0,0.21,0.0,0.21,0.21,0.21,Matches
PLY-4C5E3A96E9,TEAM-7273A887,Joselu Pérez,es ESP,DF,Getafe,21-356,2004.0,2,0,22,0.2,0,0,0,0,0,0,0,0,0.0,0.0,0.0,0.0,0.0,Matches
PLY-3D82C8254E,TEAM-1C981597,Nacho Pérez,es ESP,DF,Levante,17-183,2008.0,2,1,80,0.9,0,0,0,0,0,0,0,0,0.0,0.0,0.0,0.0,0.0,Matches
PLY-661576F73E,TEAM-A4EC0F45,Léo Pétrot,fr FRA,DF,Elche,28-322,1997.0,23,12,1099,12.2,0,0,0,0,0,0,1,0,0.0,0.0,0.0,0.0,0.0,Matches
PLY-2A616891B9,TEAM-D069E7F8,Charles Pickel,cd COD,MF,Espanyol,28-292,1997.0,16,3,500,5.6,0,0,0,0,0,0,3,1,0.0,0.0,0.0,0.0,0.0,Matches
PLY-9A6E370A72,TEAM-93330B41,Thiago Pinar,es ESP,MF,Real Madrid,18-212,2007.0,1,1,54,0.6,0,0,0,0,0,0,0,0,0.0,0.0,0.0,0.0,0.0,Matches
PLY-B4E1A396D3,TEAM-3E37DB98,Lander Pinillos,es ESP,MF,Alavés,22-148,2003.0,1,0,2,0.0,0,0,0,0,0,0,0,0,0.0,0.0,0.0,0.0,0.0,Matches
PLY-5187820A85,TEAM-27AC674B,Yeremi Pino,es ESP,MF,Villarreal,23-134,2002.0,2,2,159,1.8,0,1,1,0,0,0,0,0,0.0,0.57,0.57,0.0,0.57,Matches
PLY-F5C2E196F8,TEAM-51EA86E0,Portu,es ESP,"FW,MF",Girona,33-286,1992.0,10,4,474,5.3,0,0,0,0,0,0,2,0,0.0,0.0,0.0,0.0,0.0,Matches
PLY-0C6961EE18,TEAM-0587F59E,Beñat Prados,es ESP,MF,Athletic Club,25-023,2001.0,2,1,85,0.9,0,0,0,0,0,0,1,0,0.0,0.0,0.0,0.0,0.0,Matches
PLY-1B580B3F96,TEAM-0E077100,Abdón Prats,es ESP,FW,Mallorca,33-086,1992.0,10,0,93,1.0,0,0,0,0,0,0,0,0,0.0,0.0,0.0,0.0,0.0,Matches
PLY-6EDEFCA1FA,TEAM-D069E7F8,Javi Puado,es ESP,"MF,FW",Espanyol,27-282,1998.0,10,8,674,7.5,2,0,2,1,1,2,2,0,0.27,0.0,0.27,0.13,0.13,Matches
PLY-7B9F621304,TEAM-F53424F0,Marc Pubill,es ESP,DF,Atlético Madrid,22-256,2003.0,11,8,776,8.6,0,1,1,0,0,0,1,0,0.0,0.12,0.12,0.0,0.12,Matches
PLY-C0F12BE81C,TEAM-BDDFCDFA,Dani Raba,es ESP,FW,Valencia,30-125,1995.0,11,3,252,2.8,0,1,1,0,0,0,0,0,0.0,0.36,0.36,0.0,0.36,Matches
PLY-405A2CABC0,TEAM-720795A0,Ionuț Radu,ro ROU,GK,Celta Vigo,28-279,1997.0,26,26,2340,26.0,0,0,0,0,0,0,0,0,0.0,0.0,0.0,0.0,0.0,Matches
PLY-0B318162DC,TEAM-1C981597,Ugo Raghouber,fr FRA,MF,Levante,22-233,2003.0,6,5,406,4.5,0,0,0,0,0,0,0,0,0.0,0.0,0.0,0.0,0.0,Matches
PLY-E762E9B8C8,TEAM-0E077100,Antonio Raillo,es ESP,DF,Mallorca,34-146,1991.0,20,20,1800,20.0,0,1,1,0,0,0,3,0,0.0,0.05,0.05,0.0,0.05,Matches
PLY-0980858BF1,TEAM-BDDFCDFA,Largie Ramazani,be BEL,MF,Valencia,25-004,2001.0,15,3,467,5.2,4,1,5,1,3,3,3,0,0.77,0.19,0.96,0.19,0.39,Matches
PLY-B6AC4CEB9A,TEAM-550D05AB,Raphinha,br BRA,"MF,FW",Barcelona,29-079,1996.0,17,15,1091,12.1,8,3,11,7,1,1,3,0,0.66,0.25,0.91,0.58,0.82,Matches
PLY-BE1E847806,TEAM-550D05AB,Marcus Rashford,eng ENG,"MF,FW",Barcelona,28-123,1997.0,22,13,1267,14.1,4,6,10,4,0,0,2,0,0.28,0.43,0.71,0.28,0.71,Matches
PLY-8E5C7EDFFB,TEAM-F53424F0,Giacomo Raspadori,it ITA,FW,Atlético Madrid,26-013,2000.0,12,1,236,2.6,0,1,1,0,0,0,1,0,0.0,0.38,0.38,0.0,0.38,Matches
PLY-076C1ED003,TEAM-A415D192,Andrei Ratiu,ro ROU,DF,Rayo Vallecano,27-256,1998.0,22,22,1927,21.4,0,3,3,0,0,0,5,0,0.0,0.14,0.14,0.0,0.14,Matches
PLY-3FF65D248C,TEAM-839B22B8,Raúl,es ESP,FW,Osasuna,25-120,2000.0,25,5,752,8.4,5,0,5,5,0,0,1,0,0.6,0.0,0.6,0.6,0.6,Matches
PLY-CAC8F35A5A,TEAM-3E37DB98,Abde Rebbach,dz ALG,MF,Alavés,27-204,1998.0,20,8,821,9.1,0,0,0,0,0,0,4,0,0.0,0.0,0.0,0.0,0.0,Matches
PLY-145A9B84B8,TEAM-A4EC0F45,Federico Redondo,ar ARG,MF,Elche,23-044,2003.0,7,0,67,0.7,0,0,0,0,0,0,0,1,0.0,0.0,0.0,0.0,0.0,Matches
PLY-336BBEE3EB,TEAM-0587F59E,Alejandro Rego,es ESP,MF,Athletic Club,22-265,2003.0,18,4,639,7.1,1,0,1,1,0,0,4,0,0.14,0.0,0.14,0.14,0.14,Matches
PLY-C68E04FCEF,TEAM-0FF29040,Alberto Reina,es ESP,MF,Oviedo,28-175,1997.0,24,18,1383,15.4,2,0,2,2,0,0,4,1,0.13,0.0,0.13,0.13,0.13,Matches
PLY-1A68B85207,TEAM-51EA86E0,Vitor Reis,br BRA,DF,Girona,20-050,2006.0,25,24,2148,23.9,1,1,2,1,0,0,5,1,0.04,0.04,0.08,0.04,0.08,Matches
PLY-C7DA4EA7DE,TEAM-782246EA,Álex Remiro,es ESP,GK,Real Sociedad,30-344,1995.0,26,26,2340,26.0,0,0,0,0,0,0,0,0,0.0,0.0,0.0,0.0,0.0,Matches
PLY-F96B78BF74,TEAM-1C981597,Oriol Rey,es ESP,MF,Levante,28-006,1998.0,14,9,871,9.7,0,0,0,0,0,0,2,0,0.0,0.0,0.0,0.0,0.0,Matches
PLY-405D004133,TEAM-7273A887,Diego Rico,es ESP,DF,Getafe,33-008,1993.0,22,17,1646,18.3,0,0,0,0,0,0,4,0,0.0,0.0,0.0,0.0,0.0,Matches
PLY-192E7B3A84,TEAM-D069E7F8,Clemens Riedel,de GER,DF,Espanyol,22-227,2003.0,13,10,876,9.7,0,1,1,0,0,0,3,0,0.0,0.1,0.1,0.0,0.1,Matches
PLY-1C2001466C,TEAM-51EA86E0,Hugo Rincón,es ESP,DF,Girona,23-035,2003.0,23,13,1391,15.5,0,1,1,0,0,0,2,0,0.0,0.06,0.06,0.0,0.06,Matches
PLY-23C024B297,TEAM-BDDFCDFA,Luis Rioja,es ESP,MF,Valencia,32-138,1993.0,25,21,1759,19.5,2,4,6,2,0,0,1,0,0.1,0.2,0.31,0.1,0.31,Matches
PLY-243096618F,TEAM-7C631724,Rodrigo Riquelme,es ESP,MF,Real Betis,25-335,2000.0,18,7,621,6.9,0,1,1,0,0,0,1,0,0.0,0.14,0.14,0.0,0.14,Matches
PLY-56278438E9,TEAM-720795A0,Mihailo Ristić,rs SRB,"MF,DF",Celta Vigo,30-123,1995.0,4,4,251,2.8,0,0,0,0,0,0,0,0,0.0,0.0,0.0,0.0,0.0,Matches
PLY-7669BE1AED,TEAM-51EA86E0,Joel Roca,es ESP,"MF,FW",Girona,20-269,2005.0,21,9,857,9.5,1,1,2,1,0,0,3,1,0.11,0.11,0.21,0.11,0.21,Matches
PLY-55C9DBA99D,TEAM-7C631724,Marc Roca,es ESP,MF,Real Betis,29-097,1996.0,21,18,1536,17.1,0,1,1,0,0,0,1,0,0.0,0.06,0.06,0.0,0.06,Matches
PLY-7523A0C978,TEAM-A4EC0F45,Álvaro Rodríguez,uy URU,FW,Elche,21-232,2004.0,23,16,1439,16.0,5,4,9,5,0,0,0,0,0.31,0.25,0.56,0.31,0.56,Matches
PLY-F19335C507,TEAM-720795A0,Damián Rodríguez,es ESP,MF,Celta Vigo,22-351,2003.0,2,2,150,1.7,0,0,0,0,0,0,1,0,0.0,0.0,0.0,0.0,0.0,Matches
PLY-58FB52F75F,TEAM-0E077100,Dani Rodríguez,es ESP,"FW,MF",Mallorca,37-270,1988.0,2,0,68,0.8,0,0,0,0,0,0,0,0,0.0,0.0,0.0,0.0,0.0,Matches
PLY-46A613409D,TEAM-BDDFCDFA,Guido Rodríguez,ar ARG,MF,Valencia,31-325,1994.0,4,2,229,2.5,0,0,0,0,0,0,0,0,0.0,0.0,0.0,0.0,0.0,Matches
PLY-34B89001DC,TEAM-720795A0,Javi Rodríguez,es ESP,DF,Celta Vigo,22-250,2003.0,22,18,1670,18.6,0,0,0,0,0,0,3,0,0.0,0.0,0.0,0.0,0.0,Matches
PLY-9ABA3325B7,TEAM-7C631724,Ricardo Rodríguez,ch SUI,DF,Real Betis,33-190,1992.0,18,14,1206,13.4,0,1,1,0,0,0,0,0,0.0,0.07,0.07,0.0,0.07,Matches
PLY-577324152B,TEAM-93330B41,Rodrygo,br BRA,"MF,FW",Real Madrid,25-053,2001.0,19,6,684,7.6,1,3,4,1,0,0,3,0,0.13,0.39,0.53,0.13,0.53,Matches
PLY-5764F3C572,TEAM-0E077100,Leo Román,es ESP,GK,Mallorca,25-240,2000.0,21,21,1890,21.0,0,0,0,0,0,0,2,0,0.0,0.0,0.0,0.0,0.0,Matches
PLY-14B68DDEDF,TEAM-720795A0,Miguel Román,es ESP,MF,Celta Vigo,23-067,2002.0,18,13,1221,13.6,1,0,1,1,0,0,3,0,0.07,0.0,0.07,0.07,0.07,Matches
PLY-5A1DD3F812,TEAM-D069E7F8,Carlos Romero,es ESP,DF,Espanyol,24-125,2001.0,24,24,2127,23.6,5,2,7,5,0,0,2,0,0.21,0.08,0.3,0.21,0.3,Matches
PLY-5CB7A049D7,TEAM-B2118D2C,Isaac Romero,es ESP,FW,Sevilla,25-289,2000.0,19,12,1004,11.2,4,0,4,4,0,1,5,1,0.36,0.0,0.36,0.36,0.36,Matches
PLY-6799719411,TEAM-1C981597,Iván Romero,es ESP,"FW,MF",Levante,24-327,2001.0,22,21,1677,18.6,4,1,5,4,0,0,3,0,0.21,0.05,0.27,0.21,0.27,Matches
PLY-B85CDA7F42,TEAM-7273A887,Zaid Romero,ar ARG,DF,Getafe,26-078,1999.0,6,6,540,6.0,0,0,0,0,0,0,1,0,0.0,0.0,0.0,0.0,0.0,Matches
PLY-0EDF28CD90,TEAM-0FF29040,Salomón Rondón,ve VEN,FW,Oviedo,36-168,1989.0,16,13,1032,11.5,2,0,2,2,0,1,2,0,0.17,0.0,0.17,0.17,0.17,Matches
PLY-ED65F4063F,TEAM-839B22B8,Valentin Rosier,fr FRA,"DF,MF",Osasuna,29-196,1996.0,19,18,1480,16.4,0,1,1,0,0,0,5,1,0.0,0.06,0.06,0.0,0.06,Matches
PLY-77F670DA4A,TEAM-D069E7F8,Rubén,es ESP,DF,Espanyol,25-027,2001.0,13,4,466,5.2,0,0,0,0,0,0,2,0,0.0,0.0,0.0,0.0,0.0,Matches
PLY-36ED5B4CFE,TEAM-93330B41,Antonio Rüdiger,de GER,DF,Real Madrid,33-000,1993.0,9,8,754,8.4,0,0,0,0,0,0,0,0,0.0,0.0,0.0,0.0,0.0,Matches
PLY-B5B34EB4D8,TEAM-720795A0,Javier Rueda Garcia,es ESP,MF,Celta Vigo,23-299,2002.0,19,10,958,10.6,2,4,6,2,0,0,4,0,0.19,0.38,0.56,0.19,0.56,Matches
PLY-C8F3C9F714,TEAM-F53424F0,Matteo Ruggeri,it ITA,DF,Atlético Madrid,23-235,2002.0,18,14,1144,12.7,0,2,2,0,0,0,3,0,0.0,0.16,0.16,0.0,0.16,Matches
PLY-9EDC28B3DE,TEAM-7C631724,Aitor Ruibal,es ESP,"DF,MF",Real Betis,29-346,1996.0,21,15,1347,15.0,4,1,5,4,0,0,3,0,0.27,0.07,0.33,0.27,0.33,Matches
PLY-A7C7B3D132,TEAM-51EA86E0,Abel Ruiz,es ESP,FW,Girona,26-034,2000.0,4,0,55,0.6,0,0,0,0,0,0,0,0,0.0,0.0,0.0,0.0,0.0,Matches
PLY-A1FBBAED58,TEAM-1C981597,Mathew Ryan,au AUS,GK,Levante,33-329,1992.0,24,24,2160,24.0,0,0,0,0,0,0,2,0,0.0,0.0,0.0,0.0,0.0,Matches
PLY-9D68A96DFB,TEAM-BDDFCDFA,Umar Sadiq,ng NGA,FW,Valencia,29-029,1997.0,8,2,324,3.6,1,0,1,1,0,0,2,0,0.28,0.0,0.28,0.28,0.28,Matches
PLY-9D68A96DFB,TEAM-782246EA,Umar Sadiq,ng NGA,FW,Real Sociedad,29-029,1997.0,5,2,153,1.7,0,0,0,0,0,0,1,0,0.0,0.0,0.0,0.0,0.0,Matches
PLY-2EC565DD58,TEAM-0E077100,Jan Salas,es ESP,MF,Mallorca,20-205,2005.0,2,0,17,0.2,0,0,0,0,0,0,0,0,0.0,0.0,0.0,0.0,0.0,Matches
PLY-5BDA691EAA,TEAM-B2118D2C,Kike Salas,es ESP,DF,Sevilla,23-314,2002.0,15,13,1213,13.5,1,0,1,1,0,0,0,0,0.07,0.0,0.07,0.07,0.07,Matches
PLY-3556D68B85,TEAM-D069E7F8,José Salinas,es ESP,DF,Espanyol,25-154,2000.0,9,2,231,2.6,0,0,0,0,0,0,2,0,0.0,0.0,0.0,0.0,0.0,Matches
PLY-6D0C536CC1,TEAM-0587F59E,Oihan Sancet,es ESP,MF,Athletic Club,25-312,2000.0,19,17,1301,14.5,2,0,2,0,2,2,3,1,0.14,0.0,0.14,0.0,0.0,Matches
PLY-61D869566C,TEAM-A4EC0F45,Álex Sánchez,es ESP,FW,Elche,19-363,2006.0,1,0,6,0.1,0,1,1,0,0,0,0,0,0.0,15.0,15.0,0.0,15.0,Matches
PLY-0A58011D57,TEAM-B2118D2C,Alexis Sánchez,cl CHI,"FW,MF",Sevilla,37-074,1988.0,18,7,864,9.6,3,1,4,2,1,1,1,0,0.31,0.1,0.42,0.21,0.31,Matches
PLY-39BB51A969,TEAM-0E077100,Antonio Sánchez,es ESP,MF,Mallorca,29-061,1997.0,21,8,866,9.6,0,0,0,0,0,0,4,1,0.0,0.0,0.0,0.0,0.0,Matches
PLY-04F90CE7E5,TEAM-B2118D2C,Juanlu Sánchez,es ESP,"MF,DF",Sevilla,22-200,2003.0,21,17,1419,15.8,0,2,2,0,0,0,4,1,0.0,0.13,0.13,0.0,0.13,Matches
PLY-92AE00D664,TEAM-0FF29040,Borja Sánchez Laborde,es ESP,MF,Oviedo,30-005,1996.0,1,0,14,0.2,0,0,0,0,0,0,0,0,0.0,0.0,0.0,0.0,0.0,Matches
PLY-113F062D20,TEAM-1C981597,Manu Sánchez,es ESP,DF,Levante,25-191,2000.0,22,21,1903,21.1,1,1,2,1,0,0,5,0,0.05,0.05,0.09,0.05,0.09,Matches
PLY-816F533B9A,TEAM-0587F59E,Selton Sánchez,es ESP,MF,Athletic Club,19-011,2007.0,6,1,151,1.7,0,1,1,0,0,0,0,0,0.0,0.6,0.6,0.0,0.6,Matches
PLY-8F13AC0482,TEAM-7273A887,Álex Sancris,es ESP,"MF,FW",Getafe,29-044,1997.0,15,5,630,7.0,0,1,1,0,0,0,3,1,0.0,0.14,0.14,0.0,0.14,Matches
PLY-B14BFE9979,TEAM-A4EC0F45,Buba Sangaré,es ESP,DF,Elche,18-209,2007.0,1,0,16,0.2,0,0,0,0,0,0,0,0,0.0,0.0,0.0,0.0,0.0,Matches
PLY-B29E9BF2E0,TEAM-0587F59E,Maroan Sannadi,ma MAR,FW,Athletic Club,25-030,2001.0,8,2,259,2.9,1,0,1,1,0,0,2,0,0.35,0.0,0.35,0.35,0.35,Matches
PLY-33082F34C7,TEAM-BDDFCDFA,Baptiste Santamaria,fr FRA,MF,Valencia,30-359,1995.0,19,7,754,8.4,1,1,2,1,0,0,2,0,0.12,0.12,0.24,0.12,0.24,Matches
PLY-1AB5402125,TEAM-A4EC0F45,Yago Santiago,es ESP,MF,Elche,22-322,2003.0,8,3,273,3.0,0,0,0,0,0,0,1,0,0.0,0.0,0.0,0.0,0.0,Matches
PLY-569075E256,TEAM-7273A887,Martin Satriano,uy URU,"FW,MF",Getafe,25-011,2001.0,7,7,613,6.8,2,0,2,2,0,0,3,0,0.29,0.0,0.29,0.29,0.29,Matches
PLY-F9A2CA1956,TEAM-0587F59E,Nicolás Serrano,es ESP,MF,Athletic Club,22-363,2003.0,11,4,313,3.5,1,0,1,1,0,0,0,0,0.29,0.0,0.29,0.29,0.29,Matches
PLY-5A0FD1233D,TEAM-0FF29040,Kwasi Sibo,gh GHA,MF,Oviedo,27-252,1998.0,16,12,1020,11.3,0,0,0,0,0,0,2,0,0.0,0.0,0.0,0.0,0.0,Matches
PLY-073DB93970,TEAM-A4EC0F45,André Silva,pt POR,FW,Elche,30-117,1995.0,20,14,1186,13.2,6,0,6,5,1,1,1,0,0.46,0.0,0.46,0.38,0.38,Matches
PLY-5FD2E1E215,TEAM-F53424F0,Giuliano Simeone,ar ARG,MF,Atlético Madrid,23-075,2002.0,23,19,1702,18.9,3,5,8,3,0,0,1,0,0.16,0.26,0.42,0.16,0.42,Matches
PLY-7199D8F564,TEAM-0587F59E,Unai Simón,es ESP,GK,Athletic Club,28-265,1997.0,26,26,2340,26.0,0,0,0,0,0,0,0,0,0.0,0.0,0.0,0.0,0.0,Matches
PLY-9FE7873170,TEAM-3E37DB98,Antonio Sivera,es ESP,GK,Alavés,29-204,1996.0,26,26,2340,26.0,0,0,0,0,0,0,1,0,0.0,0.0,0.0,0.0,0.0,Matches
PLY-E681755DBC,TEAM-7273A887,Alex Sola,es ESP,"DF,MF",Getafe,26-267,1999.0,1,0,13,0.1,0,0,0,0,0,0,0,0,0.0,0.0,0.0,0.0,0.0,Matches
PLY-43AAA872C3,TEAM-782246EA,Carlos Soler,es ESP,MF,Real Sociedad,29-060,1997.0,21,15,1351,15.0,3,2,5,3,0,0,2,1,0.2,0.13,0.33,0.2,0.33,Matches
PLY-57A7AA5108,TEAM-51EA86E0,Jhon Solis,co COL,MF,Girona,21-151,2004.0,12,3,380,4.2,0,0,0,0,0,0,0,0,0.0,0.0,0.0,0.0,0.0,Matches
PLY-67E27ADBE7,TEAM-27AC674B,Manor Solomon,il ISR,MF,Villarreal,26-222,1999.0,6,1,150,1.7,1,1,2,1,0,0,0,0,0.6,0.6,1.2,0.6,1.2,Matches
PLY-816B825698,TEAM-7273A887,Hugo Solozabal,es ESP,MF,Getafe,23-024,2003.0,1,0,11,0.1,0,0,0,0,0,0,0,0,0.0,0.0,0.0,0.0,0.0,Matches
PLY-1AEF55B676,TEAM-7273A887,David Soria,es ESP,GK,Getafe,32-333,1993.0,26,26,2340,26.0,0,0,0,0,0,0,2,0,0.0,0.0,0.0,0.0,0.0,Matches
PLY-693A6EFE6D,TEAM-720795A0,Hugo Sotelo,es ESP,MF,Celta Vigo,22-074,2003.0,14,11,908,10.1,0,1,1,0,0,0,2,0,0.0,0.1,0.1,0.0,0.1,Matches
PLY-247A83778D,TEAM-B2118D2C,Djibril Sow,ch SUI,MF,Sevilla,29-025,1997.0,22,19,1482,16.5,4,1,5,4,0,0,3,0,0.24,0.06,0.3,0.24,0.3,Matches
PLY-DDD14C6E4B,TEAM-720795A0,Carl Starfelt,se SWE,DF,Celta Vigo,30-275,1995.0,17,15,1311,14.6,0,0,0,0,0,0,3,1,0.0,0.0,0.0,0.0,0.0,Matches
PLY-6E4771B751,TEAM-782246EA,Orri Steinn Óskarsson,is ISL,FW,Real Sociedad,21-186,2004.0,9,1,213,2.4,4,0,4,4,0,0,0,0,1.69,0.0,1.69,1.69,1.69,Matches
PLY-4671843861,TEAM-51EA86E0,Cristhian Stuani,uy URU,FW,Girona,39-142,1986.0,13,1,226,2.5,3,0,3,0,3,4,2,0,1.19,0.0,1.19,0.0,0.0,Matches
PLY-DB0C51DA1D,TEAM-3E37DB98,Denis Suárez,es ESP,MF,Alavés,32-056,1994.0,20,11,994,11.0,1,0,1,1,0,0,4,0,0.09,0.0,0.09,0.09,0.09,Matches
PLY-E564C16617,TEAM-B2118D2C,Gabriel Suazo,cl CHI,"DF,MF",Sevilla,28-206,1997.0,19,17,1429,15.9,0,2,2,0,0,0,5,0,0.0,0.13,0.13,0.0,0.13,Matches
PLY-8F19884A88,TEAM-782246EA,Luka Sučić,hr CRO,"FW,MF",Real Sociedad,23-176,2002.0,11,5,433,4.8,1,0,1,1,0,0,1,0,0.21,0.0,0.21,0.21,0.21,Matches
PLY-7DA71509CF,TEAM-720795A0,Williot Swedberg,se SWE,"FW,MF",Celta Vigo,22-030,2004.0,19,8,787,8.7,3,1,4,3,0,0,2,0,0.34,0.11,0.46,0.34,0.46,Matches
PLY-E97A998607,TEAM-550D05AB,Wojciech Szczęsny,pl POL,GK,Barcelona,35-319,1990.0,6,6,540,6.0,0,0,0,0,0,0,0,0,0.0,0.0,0.0,0.0,0.0,Matches
PLY-851AF296FC,TEAM-F53424F0,Alexander Sørloth,no NOR,FW,Atlético Madrid,30-088,1995.0,25,15,1371,15.2,9,0,9,9,0,0,3,1,0.59,0.0,0.59,0.59,0.59,Matches
PLY-E373F056E0,TEAM-BDDFCDFA,César Tárrega,es ESP,DF,Valencia,24-005,2002.0,22,19,1698,18.9,0,0,0,0,0,0,5,0,0.0,0.0,0.0,0.0,0.0,Matches
PLY-7B241484FC,TEAM-93330B41,Aurélien Tchouaméni,fr FRA,MF,Real Madrid,26-035,2000.0,23,22,1909,21.2,0,0,0,0,0,0,6,0,0.0,0.0,0.0,0.0,0.0,Matches
PLY-6F837A5B51,TEAM-3E37DB98,Nahuel Tenaglia,ar ARG,DF,Alavés,30-010,1996.0,24,24,2160,24.0,1,0,1,1,0,0,2,0,0.04,0.0,0.04,0.04,0.04,Matches
PLY-870585DCFB,TEAM-27AC674B,Arnau Tenas,es ESP,GK,Villarreal,24-277,2001.0,3,3,270,3.0,0,0,0,0,0,0,0,0,0.0,0.0,0.0,0.0,0.0,Matches
PLY-2AD45CADD1,TEAM-51EA86E0,Marc-André ter Stegen,de GER,GK,Girona,33-307,1992.0,2,2,180,2.0,0,0,0,0,0,0,0,0,0.0,0.0,0.0,0.0,0.0,Matches
PLY-8F6F619391,TEAM-D069E7F8,Ramón Terrats,es ESP,MF,Espanyol,25-136,2000.0,18,5,513,5.7,1,1,2,1,0,0,0,0,0.18,0.18,0.35,0.18,0.35,Matches
PLY-2E69414703,TEAM-1C981597,Jeremy Toljan,de GER,DF,Levante,31-207,1994.0,25,25,2152,23.9,1,3,4,1,0,0,6,0,0.04,0.13,0.17,0.04,0.17,Matches
PLY-C4B9906B49,TEAM-0E077100,Pablo Torre,es ESP,MF,Mallorca,22-334,2003.0,23,8,787,8.7,1,2,3,1,0,0,2,0,0.11,0.23,0.34,0.11,0.34,Matches
PLY-EA218B81E6,TEAM-550D05AB,Jofre Torrents,es ESP,DF,Barcelona,19-034,2007.0,3,0,50,0.6,0,0,0,0,0,0,0,0,0.0,0.0,0.0,0.0,0.0,Matches
PLY-D0892D683F,TEAM-550D05AB,Ferrán Torres,es ESP,FW,Barcelona,26-002,2000.0,24,18,1453,16.1,12,1,13,12,0,0,2,0,0.74,0.06,0.81,0.74,0.81,Matches
PLY-F3CD2C3129,TEAM-839B22B8,Lucas Torró,es ESP,MF,Osasuna,31-227,1994.0,24,23,1738,19.3,0,1,1,0,0,0,6,0,0.0,0.05,0.05,0.0,0.05,Matches
PLY-3AD1AB5B87,TEAM-A415D192,Óscar Trejo,ar ARG,"FW,MF",Rayo Vallecano,37-311,1988.0,5,0,57,0.6,0,0,0,0,0,0,2,0,0.0,0.0,0.0,0.0,0.0,Matches
PLY-EBF46FC979,TEAM-51EA86E0,Viktor Tsyhankov,ua UKR,"MF,FW",Girona,28-108,1997.0,20,19,1566,17.4,5,2,7,5,0,0,1,0,0.29,0.11,0.4,0.29,0.4,Matches
PLY-1D640293D4,TEAM-1C981597,Kareem Tunde,es ESP,MF,Levante,20-196,2005.0,10,8,653,7.3,0,0,0,0,0,0,1,0,0.0,0.0,0.0,0.0,0.0,Matches
PLY-6FC18F4488,TEAM-782246EA,Beñat Turrientes,es ESP,MF,Real Sociedad,24-031,2002.0,17,9,774,8.6,0,1,1,0,0,0,4,0,0.0,0.12,0.12,0.0,0.12,Matches
PLY-42C00B9622,TEAM-7273A887,Christantus Uche,ng NGA,FW,Getafe,22-288,2003.0,3,3,270,3.0,1,1,2,1,0,0,1,0,0.33,0.33,0.67,0.33,0.67,Matches
PLY-3CD1574EA2,TEAM-BDDFCDFA,Filip Ugrinic,ch SUI,"MF,FW",Valencia,27-057,1999.0,16,10,902,10.0,0,3,3,0,0,0,3,0,0.0,0.3,0.3,0.0,0.3,Matches
PLY-45501DD5DE,TEAM-93330B41,Victor Valdepeñas,es ESP,DF,Real Madrid,19-134,2006.0,1,1,77,0.9,0,0,0,0,0,0,0,0,0.0,0.0,0.0,0.0,0.0,Matches
PLY-C732D9BFF9,TEAM-A415D192,Óscar Valentín,es ESP,MF,Rayo Vallecano,31-195,1994.0,22,16,1424,15.8,1,0,1,1,0,0,2,1,0.06,0.0,0.06,0.06,0.06,Matches
PLY-E178874286,TEAM-A4EC0F45,Germán Valera,es ESP,"MF,DF",Elche,23-352,2002.0,25,23,1949,21.7,4,3,7,4,0,0,2,0,0.18,0.14,0.32,0.18,0.32,Matches
PLY-D527E92CA3,TEAM-0E077100,Martin Valjent,sk SVK,DF,Mallorca,30-082,1995.0,26,26,2340,26.0,0,0,0,0,0,0,2,0,0.0,0.0,0.0,0.0,0.0,Matches
PLY-E93F9DE763,TEAM-7C631724,Álvaro Vallés,es ESP,GK,Real Betis,28-221,1997.0,18,18,1620,18.0,0,0,0,0,0,0,1,0,0.0,0.0,0.0,0.0,0.0,Matches
PLY-5BFA8BD3D1,TEAM-93330B41,Federico Valverde,uy URU,"MF,DF",Real Madrid,27-224,1998.0,25,23,2067,23.0,1,7,8,1,0,0,2,0,0.04,0.3,0.35,0.04,0.35,Matches
PLY-FA2719BDCD,TEAM-51EA86E0,Vladyslav Vanat,ua UKR,FW,Girona,24-058,2002.0,23,23,1698,18.9,9,1,10,6,3,3,4,0,0.48,0.05,0.53,0.32,0.37,Matches
PLY-586C1697BE,TEAM-F53424F0,Obed Vargas,mx MEX,MF,Atlético Madrid,20-210,2005.0,2,0,56,0.6,0,0,0,0,0,0,0,0,0.0,0.0,0.0,0.0,0.0,Matches
PLY-AD630A4DAD,TEAM-B2118D2C,Ruben Vargas,ch SUI,MF,Sevilla,27-210,1998.0,13,11,871,9.7,3,4,7,2,1,1,1,0,0.31,0.41,0.72,0.21,0.62,Matches
PLY-7F8961F040,TEAM-BDDFCDFA,José Luis García Vayá,es ESP,MF,Valencia,27-204,1998.0,22,20,1701,18.9,2,0,2,1,1,3,3,0,0.11,0.0,0.11,0.05,0.05,Matches
PLY-F6FC68EB7A,TEAM-BDDFCDFA,Jesus Vazquez,es ESP,"DF,MF",Valencia,23-060,2003.0,16,5,676,7.5,0,0,0,0,0,0,2,0,0.0,0.0,0.0,0.0,0.0,Matches
PLY-189BD9D780,TEAM-7273A887,Luis Vázquez,ar ARG,FW,Getafe,25-038,2001.0,6,6,463,5.1,2,0,2,2,0,0,0,0,0.39,0.0,0.39,0.39,0.39,Matches
PLY-509CCD9F33,TEAM-720795A0,Matías Vecino,uy URU,MF,Celta Vigo,34-191,1991.0,2,1,71,0.8,0,0,0,0,0,0,0,0,0.0,0.0,0.0,0.0,0.0,Matches
PLY-6913F8ECFB,TEAM-27AC674B,Renato Veiga,pt POR,DF,Villarreal,22-217,2003.0,23,19,1745,19.4,0,0,0,0,0,0,3,1,0.0,0.0,0.0,0.0,0.0,Matches
PLY-0A9D062485,TEAM-1C981597,Unai Vencedor Paris,es ESP,MF,Levante,25-108,2000.0,15,11,799,8.9,0,0,0,0,0,0,3,1,0.0,0.0,0.0,0.0,0.0,Matches
PLY-5F701DC90A,TEAM-A415D192,Jozhua Vertrouwd,nl NED,DF,Rayo Vallecano,21-194,2004.0,7,1,276,3.1,0,0,0,0,0,0,0,0,0.0,0.0,0.0,0.0,0.0,Matches
PLY-01EFF5468A,TEAM-0587F59E,Mikel Vesga,es ESP,MF,Athletic Club,32-286,1993.0,16,1,317,3.5,0,0,0,0,0,0,0,0,0.0,0.0,0.0,0.0,0.0,Matches
PLY-6B940EE554,TEAM-3E37DB98,Carlos Vicente,es ESP,MF,Alavés,26-314,1999.0,21,11,1258,14.0,5,0,5,2,3,3,1,0,0.36,0.0,0.36,0.14,0.14,Matches
PLY-D6204078D5,TEAM-0FF29040,Nacho Vidal,es ESP,DF,Oviedo,31-038,1995.0,17,16,1322,14.7,0,0,0,0,0,0,3,0,0.0,0.0,0.0,0.0,0.0,Matches
PLY-8236D46E70,TEAM-A4EC0F45,Gonzalo Villar,es ESP,MF,Elche,27-345,1998.0,1,0,12,0.1,0,0,0,0,0,0,1,0,0.0,0.0,0.0,0.0,0.0,Matches
PLY-90E73B3B63,TEAM-0FF29040,Federico Viñas,uy URU,"FW,MF",Oviedo,27-246,1998.0,21,16,1445,16.1,5,1,6,4,1,1,4,3,0.31,0.06,0.37,0.25,0.31,Matches
PLY-D02176C7E0,TEAM-0E077100,Jan Virgili,es ESP,"MF,FW",Mallorca,19-220,2006.0,21,17,1435,15.9,0,4,4,0,0,0,0,0,0.0,0.25,0.25,0.0,0.25,Matches
PLY-8656CBC176,TEAM-0587F59E,Daniel Vivian,es ESP,DF,Athletic Club,26-231,1999.0,21,20,1828,20.3,0,0,0,0,0,0,7,1,0.0,0.0,0.0,0.0,0.0,Matches
PLY-E260B7FD65,TEAM-B2118D2C,Odysseas Vlachodimos,gr GRE,GK,Sevilla,31-311,1994.0,22,22,1980,22.0,0,0,0,0,0,0,1,0,0.0,0.0,0.0,0.0,0.0,Matches
PLY-8AD67A71F7,TEAM-782246EA,Wesley,br BRA,MF,Real Sociedad,20-363,2005.0,2,1,59,0.7,0,0,0,0,0,0,0,0,0.0,0.0,0.0,0.0,0.0,Matches
PLY-CEB3590227,TEAM-0587F59E,Iñaki Williams,gh GHA,"MF,FW",Athletic Club,31-261,1994.0,18,14,1254,13.9,2,2,4,1,1,1,1,0,0.14,0.14,0.29,0.07,0.22,Matches
PLY-68F3139DC3,TEAM-0587F59E,Nico Williams,es ESP,MF,Athletic Club,23-234,2002.0,19,15,1308,14.5,4,2,6,3,1,2,1,0,0.28,0.14,0.41,0.21,0.34,Matches
PLY-AE9BE82E06,TEAM-51EA86E0,Axel Witsel,be BEL,MF,Girona,37-050,1989.0,20,18,1548,17.2,1,2,3,1,0,0,2,1,0.06,0.12,0.17,0.06,0.17,Matches
PLY-6FD56536D7,TEAM-550D05AB,Lamine Yamal,es ESP,"MF,FW",Barcelona,18-233,2007.0,22,21,1843,20.5,13,9,22,11,2,3,0,0,0.63,0.44,1.07,0.54,0.98,Matches
PLY-CE171E8394,TEAM-782246EA,Arsen Zakharyan,ru RUS,MF,Real Sociedad,22-281,2003.0,14,2,367,4.1,0,0,0,0,0,0,1,0,0.0,0.0,0.0,0.0,0.0,Matches
PLY-FD6A2EC428,TEAM-720795A0,Bryan Zaragoza,es ESP,"FW,MF",Celta Vigo,24-175,2001.0,19,13,1131,12.6,1,1,2,0,1,1,1,0,0.08,0.08,0.16,0.0,0.08,Matches
PLY-CA2A6B82F8,TEAM-782246EA,Igor Zubeldia,es ESP,DF,Real Sociedad,28-338,1997.0,20,19,1755,19.5,0,1,1,0,0,0,7,0,0.0,0.05,0.05,0.0,0.05,Matches
