id,home_team_id,away_team_id,Wk,Day,Date,Time,Score,Attendance,Venue,Referee,Match Report,Notes
247102277803306,TEAM-51EA86E0,TEAM-A415D192,1,Fri,2025-08-15,19:00,1–3,12403.0,Estadi Municipal de Montilivi,Javier Alberola,Match Report,
127040197594831,TEAM-27AC674B,TEAM-0FF29040,1,Fri,2025-08-15,21:30,2–0,18333.0,Estadio de la Cerámica,Alejandro Muñíz,Match Report,
51663335405182,TEAM-0E077100,TEAM-550D05AB,1,Sat,2025-08-16,19:30,0–3,23318.0,Estadi Mallorca Son Moix,José Luis Munuera,Match Report,
45932207628643,TEAM-3E37DB98,TEAM-1C981597,1,Sat,2025-08-16,21:30,2–1,12837.0,Estadio de Mendizorroza,Miguel Sesma,Match Report,
261612402375946,TEAM-BDDFCDFA,TEAM-782246EA,1,Sat,2025-08-16,21:30,1–1,45333.0,Estadio de Mestalla,Jose Maria Sánchez,Match Report,
50129590343307,TEAM-720795A0,TEAM-7273A887,1,Sun,2025-08-17,17:00,0–2,20530.0,Estadio Abanca Balaídos,Iosu Galech,Match Report,
27919808326157,TEAM-0587F59E,TEAM-B2118D2C,1,Sun,2025-08-17,19:30,3–2,49134.0,San Mamés,Francisco Hernández,Match Report,
87744010723513,TEAM-D069E7F8,TEAM-F53424F0,1,Sun,2025-08-17,21:30,2–1,29612.0,RCDE Stadium,Mateo Busquets,Match Report,
144528646683596,TEAM-A4EC0F45,TEAM-7C631724,1,Mon,2025-08-18,21:00,1–1,28585.0,Estadio Manuel Martínez Valero,Víctor García,Match Report,
111346431724064,TEAM-93330B41,TEAM-839B22B8,1,Tue,2025-08-19,21:00,1–0,68407.0,Estadio Santiago Bernabéu,Adrián Cordero,Match Report,
130620005776571,TEAM-7C631724,TEAM-3E37DB98,2,Fri,2025-08-22,21:30,1–0,54646.0,Estadio La Cartuja de Sevilla,Miguel Ángel Ortiz Arias,Match Report,
205247645787742,TEAM-0E077100,TEAM-720795A0,2,Sat,2025-08-23,17:00,1–1,16274.0,Estadi Mallorca Son Moix,José Guzmán,Match Report,
179986844463039,TEAM-F53424F0,TEAM-A4EC0F45,2,Sat,2025-08-23,19:30,1–1,59369.0,Riyadh Air Metropolitan Stadium,César Soto,Match Report,
244648913498441,TEAM-1C981597,TEAM-550D05AB,2,Sat,2025-08-23,21:30,2–3,23415.0,Estadio Ciudad de Valencia,Alejandro Hernández,Match Report,
9215938375097,TEAM-839B22B8,TEAM-BDDFCDFA,2,Sun,2025-08-24,17:00,1–0,21226.0,Estadio El Sadar,Jesús Gil,Match Report,
98553906407820,TEAM-782246EA,TEAM-D069E7F8,2,Sun,2025-08-24,19:30,2–2,31616.0,Reale Arena,Alejandro Quintero,Match Report,
50232676197012,TEAM-27AC674B,TEAM-51EA86E0,2,Sun,2025-08-24,19:30,5–0,18195.0,Estadio de la Cerámica,Guillermo Cuadra,Match Report,
261429100829799,TEAM-0FF29040,TEAM-93330B41,2,Sun,2025-08-24,21:30,0–3,29758.0,Estadio Nuevo Carlos Tartiere,Ricardo de Burgos,Match Report,
190836110049714,TEAM-0587F59E,TEAM-A415D192,2,Mon,2025-08-25,19:30,1–0,48703.0,San Mamés,Juan Martínez,Match Report,
22551900963445,TEAM-B2118D2C,TEAM-7273A887,2,Mon,2025-08-25,21:30,1–2,36697.0,Estadio Ramón Sánchez Pizjuán,Isidro Díaz de Mera,Match Report,
2683705776554,TEAM-720795A0,TEAM-7C631724,6,Wed,2025-08-27,21:00,1–1,20302.0,Estadio Abanca Balaídos,Jesús Gil,Match Report,
101892602565564,TEAM-A4EC0F45,TEAM-1C981597,3,Fri,2025-08-29,19:30,2–0,26936.0,Estadio Manuel Martínez Valero,Iosu Galech,Match Report,
146098540577909,TEAM-BDDFCDFA,TEAM-7273A887,3,Fri,2025-08-29,21:30,3–0,45449.0,Estadio de Mestalla,Francisco Hernández,Match Report,
165855820707949,TEAM-3E37DB98,TEAM-F53424F0,3,Sat,2025-08-30,17:00,1–1,18042.0,Estadio de Mendizorroza,Víctor García,Match Report,
142778716575775,TEAM-0FF29040,TEAM-782246EA,3,Sat,2025-08-30,19:00,1–0,25688.0,Estadio Nuevo Carlos Tartiere,Adrián Cordero,Match Report,
139908708942131,TEAM-51EA86E0,TEAM-B2118D2C,3,Sat,2025-08-30,19:30,0–2,11305.0,Estadi Municipal de Montilivi,Miguel Ángel Ortiz Arias,Match Report,
217989826177558,TEAM-93330B41,TEAM-0E077100,3,Sat,2025-08-30,21:30,2–1,72699.0,Estadio Santiago Bernabéu,Jose Maria Sánchez,Match Report,
231338422714099,TEAM-720795A0,TEAM-27AC674B,3,Sun,2025-08-31,17:00,1–1,20172.0,Estadio Abanca Balaídos,Alejandro Quintero,Match Report,
39199701049590,TEAM-7C631724,TEAM-0587F59E,3,Sun,2025-08-31,19:00,1–2,65222.0,Estadio La Cartuja de Sevilla,Isidro Díaz de Mera,Match Report,
241965786970629,TEAM-D069E7F8,TEAM-839B22B8,3,Sun,2025-08-31,19:30,1–0,29780.0,RCDE Stadium,Miguel Sesma,Match Report,
276097815612589,TEAM-A415D192,TEAM-550D05AB,3,Sun,2025-08-31,21:30,1–1,14438.0,Campo de Fútbol de Vallecas,Mateo Busquets,Match Report,
81333748194840,TEAM-B2118D2C,TEAM-A4EC0F45,4,Fri,2025-09-12,21:00,2–2,37331.0,Estadio Ramón Sánchez Pizjuán,Javier Alberola,Match Report,
116211101997292,TEAM-7273A887,TEAM-0FF29040,4,Sat,2025-09-13,14:00,2–0,8657.0,Coliseum Alfonso Pérez,José Guzmán,Match Report,
114635918702971,TEAM-782246EA,TEAM-93330B41,4,Sat,2025-09-13,16:15,1–2,36958.0,Reale Arena,Jesús Gil,Match Report,
119223823403712,TEAM-0587F59E,TEAM-3E37DB98,4,Sat,2025-09-13,18:30,0–1,49136.0,San Mamés,Jose Maria Sánchez,Match Report,
170064145885084,TEAM-F53424F0,TEAM-27AC674B,4,Sat,2025-09-13,21:00,2–0,63312.0,Riyadh Air Metropolitan Stadium,José Luis Munuera,Match Report,
10121462386030,TEAM-720795A0,TEAM-51EA86E0,4,Sun,2025-09-14,14:00,1–1,18862.0,Estadio Abanca Balaídos,Adrián Cordero,Match Report,
192735037523147,TEAM-1C981597,TEAM-7C631724,4,Sun,2025-09-14,16:15,2–2,21938.0,Estadio Ciudad de Valencia,Alejandro Muñíz,Match Report,
111735845425841,TEAM-839B22B8,TEAM-A415D192,4,Sun,2025-09-14,18:30,2–0,20511.0,Estadio El Sadar,César Soto,Match Report,
281427038041694,TEAM-550D05AB,TEAM-BDDFCDFA,4,Sun,2025-09-14,21:00,6–0,5862.0,Estadi Johan Cruyff,Guillermo Cuadra,Match Report,
75103862774118,TEAM-D069E7F8,TEAM-0E077100,4,Mon,2025-09-15,21:00,3–2,26082.0,RCDE Stadium,Alejandro Hernández,Match Report,
212749074187723,TEAM-7C631724,TEAM-782246EA,5,Fri,2025-09-19,21:00,3–1,59773.0,Estadio La Cartuja de Sevilla,Mateo Busquets,Match Report,
168234328340413,TEAM-51EA86E0,TEAM-1C981597,5,Sat,2025-09-20,14:00,0–4,11048.0,Estadi Municipal de Montilivi,Alejandro Quintero,Match Report,
203618710096598,TEAM-93330B41,TEAM-D069E7F8,5,Sat,2025-09-20,16:15,2–0,73466.0,Estadio Santiago Bernabéu,Juan Martínez,Match Report,
130082495996559,TEAM-3E37DB98,TEAM-B2118D2C,5,Sat,2025-09-20,18:30,1–2,17525.0,Estadio de Mendizorroza,Iosu Galech,Match Report,
133094675349419,TEAM-27AC674B,TEAM-839B22B8,5,Sat,2025-09-20,18:30,2–1,17542.0,Estadio de la Cerámica,Isidro Díaz de Mera,Match Report,
43946787856038,TEAM-BDDFCDFA,TEAM-0587F59E,5,Sat,2025-09-20,21:00,2–0,46004.0,Estadio de Mestalla,Miguel Ángel Ortiz Arias,Match Report,
7395887435372,TEAM-A415D192,TEAM-720795A0,5,Sun,2025-09-21,14:00,1–1,13028.0,Campo de Fútbol de Vallecas,Víctor García,Match Report,
30693583959196,TEAM-0E077100,TEAM-F53424F0,5,Sun,2025-09-21,16:15,1–1,21027.0,Estadi Mallorca Son Moix,Francisco Hernández,Match Report,
127405226125507,TEAM-A4EC0F45,TEAM-0FF29040,5,Sun,2025-09-21,18:30,1–0,27235.0,Estadio Manuel Martínez Valero,Miguel Sesma,Match Report,
55410058921308,TEAM-550D05AB,TEAM-7273A887,5,Sun,2025-09-21,21:00,3–0,5711.0,Estadi Johan Cruyff,Ricardo de Burgos,Match Report,
183229468392266,TEAM-D069E7F8,TEAM-BDDFCDFA,6,Tue,2025-09-23,19:00,2–2,26802.0,RCDE Stadium,José Guzmán,Match Report,
275277792510298,TEAM-0587F59E,TEAM-51EA86E0,6,Tue,2025-09-23,19:00,1–1,45739.0,San Mamés,José Luis Munuera,Match Report,
266130006587319,TEAM-1C981597,TEAM-93330B41,6,Tue,2025-09-23,21:30,1–4,23361.0,Estadio Ciudad de Valencia,Isidro Díaz de Mera,Match Report,
186679647772313,TEAM-B2118D2C,TEAM-27AC674B,6,Tue,2025-09-23,21:30,1–2,38145.0,Estadio Ramón Sánchez Pizjuán,César Soto,Match Report,
67613765501946,TEAM-7273A887,TEAM-3E37DB98,6,Wed,2025-09-24,19:00,1–1,8005.0,Coliseum Alfonso Pérez,Alejandro Quintero,Match Report,
117984295432745,TEAM-F53424F0,TEAM-A415D192,6,Wed,2025-09-24,21:30,3–2,54098.0,Riyadh Air Metropolitan Stadium,Alejandro Hernández,Match Report,
236927472265011,TEAM-782246EA,TEAM-0E077100,6,Wed,2025-09-24,21:30,1–0,22442.0,Reale Arena,Iosu Galech,Match Report,
125464082459181,TEAM-839B22B8,TEAM-A4EC0F45,6,Thu,2025-09-25,19:30,1–1,19475.0,Estadio El Sadar,Adrián Cordero,Match Report,
181953479192697,TEAM-0FF29040,TEAM-550D05AB,6,Thu,2025-09-25,21:30,1–3,29850.0,Estadio Nuevo Carlos Tartiere,Miguel Ángel Ortiz Arias,Match Report,
144047014190753,TEAM-51EA86E0,TEAM-D069E7F8,7,Fri,2025-09-26,21:00,0–0,11488.0,Estadi Municipal de Montilivi,Francisco Hernández,Match Report,
242013668070201,TEAM-7273A887,TEAM-1C981597,7,Sat,2025-09-27,14:00,1–1,7749.0,Coliseum Alfonso Pérez,Mateo Busquets,Match Report,
127177046823476,TEAM-F53424F0,TEAM-93330B41,7,Sat,2025-09-27,16:15,5–2,69167.0,Riyadh Air Metropolitan Stadium,Javier Alberola,Match Report,
175204441885868,TEAM-0E077100,TEAM-3E37DB98,7,Sat,2025-09-27,18:30,1–0,16275.0,Estadi Mallorca Son Moix,Adrián Cordero,Match Report,
46084056047093,TEAM-27AC674B,TEAM-0587F59E,7,Sat,2025-09-27,21:00,1–0,18908.0,Estadio de la Cerámica,Miguel Sesma,Match Report,
90424437776635,TEAM-A415D192,TEAM-B2118D2C,7,Sun,2025-09-28,14:00,0–1,13080.0,Campo de Fútbol de Vallecas,Jesús Gil,Match Report,
280316716603656,TEAM-A4EC0F45,TEAM-720795A0,7,Sun,2025-09-28,16:15,2–1,26708.0,Estadio Manuel Martínez Valero,Guillermo Cuadra,Match Report,
107894924367110,TEAM-550D05AB,TEAM-782246EA,7,Sun,2025-09-28,18:30,2–1,50103.0,Estadi Olímpic Lluís Companys,Alejandro Hernández,Match Report,
191037104569540,TEAM-7C631724,TEAM-839B22B8,7,Sun,2025-09-28,21:00,2–0,50034.0,Estadio La Cartuja de Sevilla,Víctor García,Match Report,
136755605360882,TEAM-BDDFCDFA,TEAM-0FF29040,7,Tue,2025-09-30,20:00,1–2,40364.0,Estadio de Mestalla,Ricardo de Burgos,Match Report,
149529704628947,TEAM-839B22B8,TEAM-7273A887,8,Fri,2025-10-03,21:00,2–1,19895.0,Estadio El Sadar,Javier Alberola,Match Report,
39518732591537,TEAM-0FF29040,TEAM-1C981597,8,Sat,2025-10-04,14:00,0–2,23878.0,Estadio Nuevo Carlos Tartiere,José Luis Munuera,Match Report,
125648939033193,TEAM-51EA86E0,TEAM-BDDFCDFA,8,Sat,2025-10-04,16:15,2–1,10867.0,Estadi Municipal de Montilivi,Isidro Díaz de Mera,Match Report,
43788885623702,TEAM-0587F59E,TEAM-0E077100,8,Sat,2025-10-04,18:30,2–1,47098.0,San Mamés,Alejandro Quintero,Match Report,
225843569246768,TEAM-93330B41,TEAM-27AC674B,8,Sat,2025-10-04,21:00,3–1,75216.0,Estadio Santiago Bernabéu,Guillermo Cuadra,Match Report,
125712383575680,TEAM-3E37DB98,TEAM-A4EC0F45,8,Sun,2025-10-05,14:00,3–1,16203.0,Estadio de Mendizorroza,Miguel Ángel Ortiz Arias,Match Report,
70990788457885,TEAM-B2118D2C,TEAM-550D05AB,8,Sun,2025-10-05,16:15,4–1,41040.0,Estadio Ramón Sánchez Pizjuán,Alejandro Muñíz,Match Report,
115383552720083,TEAM-D069E7F8,TEAM-7C631724,8,Sun,2025-10-05,18:30,1–2,32778.0,RCDE Stadium,Iosu Galech,Match Report,
218211205609476,TEAM-782246EA,TEAM-A415D192,8,Sun,2025-10-05,18:30,0–1,31189.0,Reale Arena,José Guzmán,Match Report,
161406442093837,TEAM-720795A0,TEAM-F53424F0,8,Sun,2025-10-05,21:00,1–1,20877.0,Estadio Abanca Balaídos,César Soto,Match Report,
121752485147317,TEAM-0FF29040,TEAM-D069E7F8,9,Fri,2025-10-17,21:00,0–2,25625.0,Estadio Nuevo Carlos Tartiere,Mateo Busquets,Match Report,
113189581016765,TEAM-B2118D2C,TEAM-0E077100,9,Sat,2025-10-18,14:00,1–3,37008.0,Estadio Ramón Sánchez Pizjuán,Víctor García,Match Report,
205022729024640,TEAM-550D05AB,TEAM-51EA86E0,9,Sat,2025-10-18,16:15,2–1,43172.0,Estadi Olímpic Lluís Companys,Jesús Gil,Match Report,
43123034282656,TEAM-27AC674B,TEAM-7C631724,9,Sat,2025-10-18,18:30,2–2,19238.0,Estadio de la Cerámica,Francisco Hernández,Match Report,
97542611844075,TEAM-F53424F0,TEAM-839B22B8,9,Sat,2025-10-18,21:00,1–0,62884.0,Riyadh Air Metropolitan Stadium,Ricardo de Burgos,Match Report,
100012646648395,TEAM-A4EC0F45,TEAM-0587F59E,9,Sun,2025-10-19,14:00,0–0,29043.0,Estadio Manuel Martínez Valero,José Guzmán,Match Report,
122694556029353,TEAM-720795A0,TEAM-782246EA,9,Sun,2025-10-19,16:15,1–1,19102.0,Estadio Abanca Balaídos,Juan Martínez,Match Report,
163343429060959,TEAM-1C981597,TEAM-A415D192,9,Sun,2025-10-19,18:30,0–3,20312.0,Estadio Ciudad de Valencia,Miguel Sesma,Match Report,
15045513827979,TEAM-7273A887,TEAM-93330B41,9,Sun,2025-10-19,21:00,0–1,10090.0,Coliseum Alfonso Pérez,José Luis Munuera,Match Report,
87432229548299,TEAM-3E37DB98,TEAM-BDDFCDFA,9,Mon,2025-10-20,21:00,0–0,15564.0,Estadio de Mendizorroza,Iosu Galech,Match Report,
5032611259275,TEAM-782246EA,TEAM-B2118D2C,10,Fri,2025-10-24,21:00,2–1,30965.0,Reale Arena,Adrián Cordero,Match Report,
125986801044396,TEAM-51EA86E0,TEAM-0FF29040,10,Sat,2025-10-25,14:00,3–3,11120.0,Estadi Municipal de Montilivi,Alejandro Muñíz,Match Report,
217617549854870,TEAM-D069E7F8,TEAM-A4EC0F45,10,Sat,2025-10-25,16:15,1–0,30820.0,RCDE Stadium,Ricardo de Burgos,Match Report,
240235579276521,TEAM-0587F59E,TEAM-7273A887,10,Sat,2025-10-25,18:30,0–1,47749.0,San Mamés,Isidro Díaz de Mera,Match Report,
211188047924725,TEAM-BDDFCDFA,TEAM-27AC674B,10,Sat,2025-10-25,21:00,0–2,45560.0,Estadio de Mestalla,Javier Alberola,Match Report,
266459115822441,TEAM-0E077100,TEAM-1C981597,10,Sun,2025-10-26,14:00,1–1,12964.0,Estadi Mallorca Son Moix,Miguel Ángel Ortiz Arias,Match Report,
192094415737604,TEAM-93330B41,TEAM-550D05AB,10,Sun,2025-10-26,16:15,2–1,78107.0,Estadio Santiago Bernabéu,César Soto,Match Report,
70416217227440,TEAM-839B22B8,TEAM-720795A0,10,Sun,2025-10-26,18:30,2–3,20065.0,Estadio El Sadar,Alejandro Hernández,Match Report,
99147758124915,TEAM-A415D192,TEAM-3E37DB98,10,Sun,2025-10-26,21:00,1–0,11734.0,Campo de Fútbol de Vallecas,Víctor García,Match Report,
279595461165615,TEAM-7C631724,TEAM-F53424F0,10,Mon,2025-10-27,21:00,0–2,57537.0,Estadio La Cartuja de Sevilla,Juan Martínez,Match Report,
26143173390922,TEAM-7273A887,TEAM-51EA86E0,11,Fri,2025-10-31,21:00,2–1,7223.0,Coliseum Alfonso Pérez,Jose Maria Sánchez,Match Report,
57267236260772,TEAM-27AC674B,TEAM-A415D192,11,Sat,2025-11-01,14:00,4–0,17022.0,Estadio de la Cerámica,Iosu Galech,Match Report,
215273675829103,TEAM-F53424F0,TEAM-B2118D2C,11,Sat,2025-11-01,16:15,3–0,66119.0,Riyadh Air Metropolitan Stadium,Francisco Hernández,Match Report,
128059159303519,TEAM-782246EA,TEAM-0587F59E,11,Sat,2025-11-01,18:30,3–2,37685.0,Reale Arena,José Luis Munuera,Match Report,
260045177303107,TEAM-93330B41,TEAM-BDDFCDFA,11,Sat,2025-11-01,21:00,4–0,74796.0,Estadio Santiago Bernabéu,Mateo Busquets,Match Report,
225474460646579,TEAM-1C981597,TEAM-720795A0,11,Sun,2025-11-02,14:00,1–2,19513.0,Estadio Ciudad de Valencia,Alejandro Quintero,Match Report,
71552518573511,TEAM-3E37DB98,TEAM-D069E7F8,11,Sun,2025-11-02,16:15,2–1,17149.0,Estadio de Mendizorroza,Guillermo Cuadra,Match Report,
120962390888885,TEAM-550D05AB,TEAM-A4EC0F45,11,Sun,2025-11-02,18:30,3–1,44370.0,Estadi Olímpic Lluís Companys,Miguel Sesma,Match Report,
16354935909941,TEAM-7C631724,TEAM-0E077100,11,Sun,2025-11-02,21:00,3–0,54747.0,Estadio La Cartuja de Sevilla,Jesús Gil,Match Report,
108080026272328,TEAM-0FF29040,TEAM-839B22B8,11,Mon,2025-11-03,21:00,0–0,23795.0,Estadio Nuevo Carlos Tartiere,José Guzmán,Match Report,
86930806509335,TEAM-A4EC0F45,TEAM-782246EA,12,Fri,2025-11-07,21:00,1–1,26242.0,Estadio Manuel Martínez Valero,Isidro Díaz de Mera,Match Report,
276761382324566,TEAM-51EA86E0,TEAM-3E37DB98,12,Sat,2025-11-08,14:00,1–0,10050.0,Estadi Municipal de Montilivi,Adrián Cordero,Match Report,
120392036606919,TEAM-B2118D2C,TEAM-839B22B8,12,Sat,2025-11-08,16:15,1–0,35169.0,Estadio Ramón Sánchez Pizjuán,Miguel Ángel Ortiz Arias,Match Report,
144025450835022,TEAM-F53424F0,TEAM-1C981597,12,Sat,2025-11-08,18:30,3–1,60119.0,Riyadh Air Metropolitan Stadium,Jesús Gil,Match Report,
49912487743273,TEAM-D069E7F8,TEAM-27AC674B,12,Sat,2025-11-08,21:00,0–2,29540.0,RCDE Stadium,Alejandro Hernández,Match Report,
102381573900005,TEAM-0587F59E,TEAM-0FF29040,12,Sun,2025-11-09,14:00,1–0,47209.0,San Mamés,César Soto,Match Report,
14363514735660,TEAM-A415D192,TEAM-93330B41,12,Sun,2025-11-09,16:15,0–0,14468.0,Campo de Fútbol de Vallecas,Juan Martínez,Match Report,
171498132861949,TEAM-0E077100,TEAM-7273A887,12,Sun,2025-11-09,18:30,1–0,17507.0,Estadi Mallorca Son Moix,Ricardo de Burgos,Match Report,
71824464063421,TEAM-BDDFCDFA,TEAM-7C631724,12,Sun,2025-11-09,18:30,1–1,45820.0,Estadio de Mestalla,Víctor García,Match Report,
112411683314944,TEAM-720795A0,TEAM-550D05AB,12,Sun,2025-11-09,21:00,2–4,21887.0,Estadio Abanca Balaídos,Javier Alberola,Match Report,
6362656669454,TEAM-BDDFCDFA,TEAM-1C981597,13,Fri,2025-11-21,21:00,1–0,46302.0,Estadio de Mestalla,Alejandro Muñíz,Match Report,
184983825241068,TEAM-3E37DB98,TEAM-720795A0,13,Sat,2025-11-22,14:00,0–1,16582.0,Estadio de Mendizorroza,Juan Martínez,Match Report,
149440693544582,TEAM-550D05AB,TEAM-0587F59E,13,Sat,2025-11-22,16:15,4–0,45157.0,Spotify Camp Nou,Jose Maria Sánchez,Match Report,
42506875124295,TEAM-839B22B8,TEAM-782246EA,13,Sat,2025-11-22,18:30,1–3,21377.0,Estadio El Sadar,Mateo Busquets,Match Report,
141493924351016,TEAM-27AC674B,TEAM-0E077100,13,Sat,2025-11-22,21:00,2–1,16854.0,Estadio de la Cerámica,José Guzmán,Match Report,
240600018970803,TEAM-0FF29040,TEAM-A415D192,13,Sun,2025-11-23,14:00,0–0,23684.0,Estadio Nuevo Carlos Tartiere,Alejandro Quintero,Match Report,
243786207784554,TEAM-7C631724,TEAM-51EA86E0,13,Sun,2025-11-23,16:15,1–1,64268.0,Estadio La Cartuja de Sevilla,Iosu Galech,Match Report,
19529544917174,TEAM-7273A887,TEAM-F53424F0,13,Sun,2025-11-23,18:30,0–1,9783.0,Coliseum Alfonso Pérez,Guillermo Cuadra,Match Report,
167073112899369,TEAM-A4EC0F45,TEAM-93330B41,13,Sun,2025-11-23,21:00,2–2,31024.0,Estadio Manuel Martínez Valero,Francisco Hernández,Match Report,
24440480462873,TEAM-D069E7F8,TEAM-B2118D2C,13,Mon,2025-11-24,21:00,2–1,25166.0,RCDE Stadium,Miguel Sesma,Match Report,
246618020730085,TEAM-7273A887,TEAM-A4EC0F45,14,Fri,2025-11-28,21:00,1–0,7697.0,Coliseum Alfonso Pérez,Alejandro Hernández,Match Report,
188728039961764,TEAM-0E077100,TEAM-839B22B8,14,Sat,2025-11-29,14:00,2–2,15457.0,Estadi Mallorca Son Moix,Jesús Gil,Match Report,
36398422825622,TEAM-550D05AB,TEAM-3E37DB98,14,Sat,2025-11-29,16:15,3–1,44834.0,Spotify Camp Nou,Miguel Ángel Ortiz Arias,Match Report,
137057036007683,TEAM-1C981597,TEAM-0587F59E,14,Sat,2025-11-29,18:30,0–2,19848.0,Estadio Ciudad de Valencia,Adrián Cordero,Match Report,
207872139391536,TEAM-F53424F0,TEAM-0FF29040,14,Sat,2025-11-29,21:00,2–0,61305.0,Riyadh Air Metropolitan Stadium,Víctor Acosta,Match Report,
189167058479105,TEAM-782246EA,TEAM-27AC674B,14,Sun,2025-11-30,14:00,2–3,30140.0,Reale Arena,César Soto,Match Report,
251107807545272,TEAM-B2118D2C,TEAM-7C631724,14,Sun,2025-11-30,16:15,0–2,42580.0,Estadio Ramón Sánchez Pizjuán,José Luis Munuera,Match Report,
125140908145739,TEAM-720795A0,TEAM-D069E7F8,14,Sun,2025-11-30,18:30,0–1,20031.0,Estadio Abanca Balaídos,Isidro Díaz de Mera,Match Report,
13210013621380,TEAM-51EA86E0,TEAM-93330B41,14,Sun,2025-11-30,21:00,1–1,14005.0,Estadi Municipal de Montilivi,Ricardo de Burgos,Match Report,
272335952982555,TEAM-A415D192,TEAM-BDDFCDFA,14,Mon,2025-12-01,21:00,1–1,11267.0,Campo de Fútbol de Vallecas,Javier Alberola,Match Report,
1350566588958,TEAM-550D05AB,TEAM-F53424F0,19,Tue,2025-12-02,21:00,3–1,45205.0,Spotify Camp Nou,Ricardo de Burgos,Match Report,
57962715965650,TEAM-0587F59E,TEAM-93330B41,19,Wed,2025-12-03,19:00,0–3,51313.0,San Mamés,Jesús Gil,Match Report,
183333492791392,TEAM-0FF29040,TEAM-0E077100,15,Fri,2025-12-05,21:00,0–0,23333.0,Estadio Nuevo Carlos Tartiere,Iosu Galech,Match Report,
176082216387051,TEAM-27AC674B,TEAM-7273A887,15,Sat,2025-12-06,14:00,2–0,17089.0,Estadio de la Cerámica,Mateo Busquets,Match Report,
167585334666101,TEAM-3E37DB98,TEAM-782246EA,15,Sat,2025-12-06,16:15,1–0,18132.0,Estadio de Mendizorroza,Javier Alberola,Match Report,
217440347695720,TEAM-7C631724,TEAM-550D05AB,15,Sat,2025-12-06,18:30,3–5,64562.0,Estadio La Cartuja de Sevilla,Francisco Hernández,Match Report,
73071948011060,TEAM-0587F59E,TEAM-F53424F0,15,Sat,2025-12-06,21:00,1–0,48904.0,San Mamés,Alejandro Muñíz,Match Report,
180603293315389,TEAM-A4EC0F45,TEAM-51EA86E0,15,Sun,2025-12-07,14:00,3–0,23374.0,Estadio Manuel Martínez Valero,Miguel Sesma,Match Report,
2981099111893,TEAM-BDDFCDFA,TEAM-B2118D2C,15,Sun,2025-12-07,16:15,1–1,44369.0,Estadio de Mestalla,Guillermo Cuadra,Match Report,
226253330782479,TEAM-D069E7F8,TEAM-A415D192,15,Sun,2025-12-07,18:30,1–0,28110.0,RCDE Stadium,Jose Maria Sánchez,Match Report,
248180254415866,TEAM-93330B41,TEAM-720795A0,15,Sun,2025-12-07,21:00,0–2,74511.0,Estadio Santiago Bernabéu,Alejandro Quintero,Match Report,
271746510263835,TEAM-839B22B8,TEAM-1C981597,15,Mon,2025-12-08,21:00,2–0,18160.0,Estadio El Sadar,José Guzmán,Match Report,
22708260528459,TEAM-782246EA,TEAM-51EA86E0,16,Fri,2025-12-12,21:00,1–2,26122.0,Reale Arena,Miguel Ángel Ortiz Arias,Match Report,
42666257678967,TEAM-F53424F0,TEAM-BDDFCDFA,16,Sat,2025-12-13,14:00,2–1,61011.0,Riyadh Air Metropolitan Stadium,César Soto,Match Report,
239227505105338,TEAM-0E077100,TEAM-A4EC0F45,16,Sat,2025-12-13,16:15,3–1,16199.0,Estadi Mallorca Son Moix,José Luis Munuera,Match Report,
132554873973078,TEAM-550D05AB,TEAM-839B22B8,16,Sat,2025-12-13,18:30,2–0,42058.0,Spotify Camp Nou,Adrián Cordero,Match Report,
176960838690839,TEAM-7273A887,TEAM-D069E7F8,16,Sat,2025-12-13,21:00,0–1,7443.0,Coliseum Alfonso Pérez,Jesús Gil,Match Report,
39897857430038,TEAM-B2118D2C,TEAM-0FF29040,16,Sun,2025-12-14,14:00,4–0,32885.0,Estadio Ramón Sánchez Pizjuán,Isidro Díaz de Mera,Match Report,
279785200613578,TEAM-720795A0,TEAM-0587F59E,16,Sun,2025-12-14,16:15,2–0,20505.0,Estadio Abanca Balaídos,Alejandro Hernández,Match Report,
245703247296334,TEAM-3E37DB98,TEAM-93330B41,16,Sun,2025-12-14,21:00,1–2,19290.0,Estadio de Mendizorroza,Víctor García,Match Report,
166177493963192,TEAM-A415D192,TEAM-7C631724,16,Mon,2025-12-15,21:00,0–0,11489.0,Campo de Fútbol de Vallecas,Ricardo de Burgos,Match Report,
192878076068502,TEAM-BDDFCDFA,TEAM-0E077100,17,Fri,2025-12-19,21:00,1–1,41179.0,Estadio de Mestalla,Alejandro Quintero,Match Report,
74680842636688,TEAM-0FF29040,TEAM-720795A0,17,Sat,2025-12-20,14:00,0–0,23613.0,Estadio Nuevo Carlos Tartiere,Francisco Hernández,Match Report,
69120326331271,TEAM-1C981597,TEAM-782246EA,17,Sat,2025-12-20,16:15,1–1,17346.0,Estadio Ciudad de Valencia,Guillermo Cuadra,Match Report,
133721547304901,TEAM-839B22B8,TEAM-3E37DB98,17,Sat,2025-12-20,18:30,3–0,20408.0,Estadio El Sadar,César Soto,Match Report,
27391270321084,TEAM-93330B41,TEAM-B2118D2C,17,Sat,2025-12-20,21:00,2–0,72062.0,Estadio Santiago Bernabéu,Alejandro Muñíz,Match Report,
152078070885886,TEAM-51EA86E0,TEAM-F53424F0,17,Sun,2025-12-21,14:00,0–3,12363.0,Estadi Municipal de Montilivi,José Guzmán,Match Report,
218009564880358,TEAM-27AC674B,TEAM-550D05AB,17,Sun,2025-12-21,16:15,0–2,20701.0,Estadio de la Cerámica,Javier Alberola,Match Report,
36014485551528,TEAM-A4EC0F45,TEAM-A415D192,17,Sun,2025-12-21,18:30,4–0,23765.0,Estadio Manuel Martínez Valero,Adrián Cordero,Match Report,
189983524250623,TEAM-7C631724,TEAM-7273A887,17,Sun,2025-12-21,21:00,4–0,54365.0,Estadio La Cartuja de Sevilla,Miguel Sesma,Match Report,
77248874686176,TEAM-0587F59E,TEAM-D069E7F8,17,Mon,2025-12-22,21:00,1–2,47856.0,San Mamés,Mateo Busquets,Match Report,
246802500144824,TEAM-A415D192,TEAM-7273A887,18,Fri,2026-01-02,21:00,1–1,12544.0,Campo de Fútbol de Vallecas,Miguel Ángel Ortiz Arias,Match Report,
80106586136167,TEAM-720795A0,TEAM-BDDFCDFA,18,Sat,2026-01-03,14:00,4–1,20475.0,Estadio Abanca Balaídos,Ricardo de Burgos,Match Report,
262558802025525,TEAM-839B22B8,TEAM-0587F59E,18,Sat,2026-01-03,16:15,1–1,22010.0,Estadio El Sadar,José Luis Munuera,Match Report,
42089493261609,TEAM-A4EC0F45,TEAM-27AC674B,18,Sat,2026-01-03,18:30,1–3,27078.0,Estadio Manuel Martínez Valero,Isidro Díaz de Mera,Match Report,
5927245218557,TEAM-D069E7F8,TEAM-550D05AB,18,Sat,2026-01-03,21:00,0–2,36283.0,RCDE Stadium,Víctor García,Match Report,
22651788528907,TEAM-B2118D2C,TEAM-1C981597,18,Sun,2026-01-04,14:00,0–3,25303.0,Estadio Ramón Sánchez Pizjuán,Iosu Galech,Match Report,
73838000687415,TEAM-93330B41,TEAM-7C631724,18,Sun,2026-01-04,16:15,5–1,75190.0,Estadio Santiago Bernabéu,Alejandro Hernández,Match Report,
85885216035168,TEAM-0E077100,TEAM-51EA86E0,18,Sun,2026-01-04,18:30,1–2,16011.0,Estadi Mallorca Son Moix,Javier Alberola,Match Report,
271983229253589,TEAM-3E37DB98,TEAM-0FF29040,18,Sun,2026-01-04,18:30,1–1,17345.0,Estadio de Mendizorroza,Jesús Gil,Match Report,
217927695836100,TEAM-782246EA,TEAM-F53424F0,18,Sun,2026-01-04,21:00,1–1,31576.0,Reale Arena,Juan Martínez,Match Report,
7319209009324,TEAM-7273A887,TEAM-782246EA,19,Fri,2026-01-09,21:00,1–2,7497.0,Coliseum Alfonso Pérez,Francisco Hernández,Match Report,
27836622027224,TEAM-0FF29040,TEAM-7C631724,19,Sat,2026-01-10,14:00,1–1,25549.0,Estadio Nuevo Carlos Tartiere,Guillermo Cuadra,Match Report,
134879013270729,TEAM-27AC674B,TEAM-3E37DB98,19,Sat,2026-01-10,16:15,3–1,17011.0,Estadio de la Cerámica,Alejandro Muñíz,Match Report,
146753782725831,TEAM-51EA86E0,TEAM-839B22B8,19,Sat,2026-01-10,18:30,1–0,12059.0,Estadi Municipal de Montilivi,Alejandro Hernández,Match Report,
174114872050505,TEAM-BDDFCDFA,TEAM-A4EC0F45,19,Sat,2026-01-10,21:00,1–1,44949.0,Estadio de Mestalla,Miguel Ángel Ortiz Arias,Match Report,
17797721164414,TEAM-A415D192,TEAM-0E077100,19,Sun,2026-01-11,14:00,2–1,12223.0,Campo de Fútbol de Vallecas,Juan Martínez,Match Report,
195067591372973,TEAM-1C981597,TEAM-D069E7F8,19,Sun,2026-01-11,16:15,1–1,20501.0,Estadio Ciudad de Valencia,César Soto,Match Report,
57154172260964,TEAM-B2118D2C,TEAM-720795A0,19,Mon,2026-01-12,21:00,0–1,31383.0,Estadio Ramón Sánchez Pizjuán,Jose Maria Sánchez,Match Report,
97513167405980,TEAM-D069E7F8,TEAM-51EA86E0,20,Fri,2026-01-16,21:00,0–2,28451.0,RCDE Stadium,Iosu Galech,Match Report,
120639064914438,TEAM-93330B41,TEAM-1C981597,20,Sat,2026-01-17,14:00,2–0,70104.0,Estadio Santiago Bernabéu,Miguel Sesma,Match Report,
100507923486561,TEAM-0E077100,TEAM-0587F59E,20,Sat,2026-01-17,16:15,3–2,14284.0,Estadi Mallorca Son Moix,José Guzmán,Match Report,
241289403551744,TEAM-839B22B8,TEAM-0FF29040,20,Sat,2026-01-17,18:30,3–2,20651.0,Estadio El Sadar,Alejandro Quintero,Match Report,
140509386351702,TEAM-7C631724,TEAM-27AC674B,20,Sat,2026-01-17,21:00,2–0,60138.0,Estadio La Cartuja de Sevilla,Víctor García,Match Report,
49981878868916,TEAM-7273A887,TEAM-BDDFCDFA,20,Sun,2026-01-18,14:00,0–1,8361.0,Coliseum Alfonso Pérez,Isidro Díaz de Mera,Match Report,
114188927341603,TEAM-F53424F0,TEAM-3E37DB98,20,Sun,2026-01-18,16:15,1–0,61192.0,Riyadh Air Metropolitan Stadium,Guillermo Cuadra,Match Report,
151807189121311,TEAM-720795A0,TEAM-A415D192,20,Sun,2026-01-18,18:30,3–0,20835.0,Estadio Abanca Balaídos,Mateo Busquets,Match Report,
229214180995221,TEAM-782246EA,TEAM-550D05AB,20,Sun,2026-01-18,21:00,2–1,36346.0,Reale Arena,Jesús Gil,Match Report,
265862638998493,TEAM-A4EC0F45,TEAM-B2118D2C,20,Mon,2026-01-19,21:00,2–2,22594.0,Estadio Manuel Martínez Valero,Ricardo de Burgos,Match Report,
122764594323375,TEAM-1C981597,TEAM-A4EC0F45,21,Fri,2026-01-23,21:00,3–2,18973.0,Estadio Ciudad de Valencia,José Luis Munuera,Match Report,
249209640712975,TEAM-A415D192,TEAM-839B22B8,21,Sat,2026-01-24,14:00,1–3,12091.0,Campo de Fútbol de Vallecas,Miguel Sesma,Match Report,
266097448106403,TEAM-BDDFCDFA,TEAM-D069E7F8,21,Sat,2026-01-24,16:15,3–2,44163.0,Estadio de Mestalla,Alejandro Hernández,Match Report,
59934689754353,TEAM-B2118D2C,TEAM-0587F59E,21,Sat,2026-01-24,18:30,2–1,34642.0,Estadio Ramón Sánchez Pizjuán,Francisco Hernández,Match Report,
1723534310882,TEAM-27AC674B,TEAM-93330B41,21,Sat,2026-01-24,21:00,0–2,20432.0,Estadio de la Cerámica,César Soto,Match Report,
87936432211056,TEAM-F53424F0,TEAM-0E077100,21,Sun,2026-01-25,14:00,3–0,55028.0,Riyadh Air Metropolitan Stadium,Jose Maria Sánchez,Match Report,
80696913913348,TEAM-550D05AB,TEAM-0FF29040,21,Sun,2026-01-25,16:15,3–0,44763.0,Spotify Camp Nou,Juan Martínez,Match Report,
267070128393503,TEAM-782246EA,TEAM-720795A0,21,Sun,2026-01-25,18:30,3–1,29682.0,Reale Arena,Javier Alberola,Match Report,
212324418555205,TEAM-3E37DB98,TEAM-7C631724,21,Sun,2026-01-25,21:00,2–1,14810.0,Estadio de Mendizorroza,Miguel Ángel Ortiz Arias,Match Report,
249170157109194,TEAM-51EA86E0,TEAM-7273A887,21,Mon,2026-01-26,21:00,1–1,11388.0,Estadi Municipal de Montilivi,Alejandro Quintero,Match Report,
211830410333780,TEAM-D069E7F8,TEAM-3E37DB98,22,Fri,2026-01-30,21:00,1–2,25881.0,RCDE Stadium,Miguel Sesma,Match Report,
97738189384961,TEAM-0FF29040,TEAM-51EA86E0,22,Sat,2026-01-31,14:00,1–0,25085.0,Estadio Nuevo Carlos Tartiere,Javier Alberola,Match Report,
88196758283503,TEAM-839B22B8,TEAM-27AC674B,22,Sat,2026-01-31,16:15,2–2,20455.0,Estadio El Sadar,Ricardo de Burgos,Match Report,
213655822347260,TEAM-1C981597,TEAM-F53424F0,22,Sat,2026-01-31,18:30,0–0,20573.0,Estadio Ciudad de Valencia,Víctor García,Match Report,
233084514322073,TEAM-A4EC0F45,TEAM-550D05AB,22,Sat,2026-01-31,21:00,1–3,31233.0,Estadio Manuel Martínez Valero,Alejandro Muñíz,Match Report,
103873934296763,TEAM-93330B41,TEAM-A415D192,22,Sun,2026-02-01,14:00,2–1,71051.0,Estadio Santiago Bernabéu,Isidro Díaz de Mera,Match Report,
134449565887025,TEAM-7C631724,TEAM-BDDFCDFA,22,Sun,2026-02-01,16:15,2–1,57523.0,Estadio La Cartuja de Sevilla,Jose Maria Sánchez,Match Report,
99010512310485,TEAM-7273A887,TEAM-720795A0,22,Sun,2026-02-01,18:30,0–0,7363.0,Coliseum Alfonso Pérez,Iosu Galech,Match Report,
1981896096722,TEAM-0587F59E,TEAM-782246EA,22,Sun,2026-02-01,21:00,1–1,48020.0,San Mamés,Guillermo Cuadra,Match Report,
71726453882620,TEAM-0E077100,TEAM-B2118D2C,22,Mon,2026-02-02,21:00,4–1,15621.0,Estadi Mallorca Son Moix,César Soto,Match Report,
58845994898066,TEAM-720795A0,TEAM-839B22B8,23,Fri,2026-02-06,21:00,1–2,18705.0,Estadio Abanca Balaídos,José Luis Munuera,Match Report,
168901050427976,TEAM-A415D192,TEAM-0FF29040,23,Sat,2026-02-07,14:00,,,Campo de Fútbol de Vallecas,Alejandro Hernández,,Match Postponed
123845363308532,TEAM-550D05AB,TEAM-0E077100,23,Sat,2026-02-07,16:15,3–0,44301.0,Spotify Camp Nou,Alejandro Quintero,Match Report,
31635900754577,TEAM-782246EA,TEAM-A4EC0F45,23,Sat,2026-02-07,21:00,3–1,30187.0,Reale Arena,José Guzmán,Match Report,
96380130563499,TEAM-3E37DB98,TEAM-7273A887,23,Sun,2026-02-08,14:00,0–2,15960.0,Estadio de Mendizorroza,Juan Martínez,Match Report,
37099678724814,TEAM-0587F59E,TEAM-1C981597,23,Sun,2026-02-08,16:15,4–2,46487.0,San Mamés,Alejandro Muñíz,Match Report,
249165185143039,TEAM-B2118D2C,TEAM-51EA86E0,23,Sun,2026-02-08,16:15,1–1,30384.0,Estadio Ramón Sánchez Pizjuán,Jesús Gil,Match Report,
238364193930544,TEAM-F53424F0,TEAM-7C631724,23,Sun,2026-02-08,18:30,0–1,65210.0,Riyadh Air Metropolitan Stadium,Mateo Busquets,Match Report,
224127150371417,TEAM-BDDFCDFA,TEAM-93330B41,23,Sun,2026-02-08,21:00,0–2,47515.0,Estadio de Mestalla,Javier Alberola,Match Report,
182653505299194,TEAM-27AC674B,TEAM-D069E7F8,23,Mon,2026-02-09,21:00,4–1,16825.0,Estadio de la Cerámica,Adrián Cordero,Match Report,
78424921640283,TEAM-A4EC0F45,TEAM-839B22B8,24,Fri,2026-02-13,21:00,,,Estadio Manuel Martínez Valero,,Head-to-Head,
166431566720497,TEAM-D069E7F8,TEAM-720795A0,24,Sat,2026-02-14,14:00,,,RCDE Stadium,,Head-to-Head,
36599477633161,TEAM-7273A887,TEAM-27AC674B,24,Sat,2026-02-14,16:15,,,Coliseum Alfonso Pérez,,Head-to-Head,
266196119130298,TEAM-B2118D2C,TEAM-3E37DB98,24,Sat,2026-02-14,18:30,,,Estadio Ramón Sánchez Pizjuán,,Head-to-Head,
12867779076770,TEAM-93330B41,TEAM-782246EA,24,Sat,2026-02-14,21:00,,,Estadio Santiago Bernabéu,,Head-to-Head,
111769967402787,TEAM-0FF29040,TEAM-0587F59E,24,Sun,2026-02-15,14:00,,,Estadio Nuevo Carlos Tartiere,,Head-to-Head,
268893201650669,TEAM-A415D192,TEAM-F53424F0,24,Sun,2026-02-15,16:15,,,Campo de Fútbol de Vallecas,,Head-to-Head,
273186728740917,TEAM-1C981597,TEAM-BDDFCDFA,24,Sun,2026-02-15,18:30,,,Estadio Ciudad de Valencia,,Head-to-Head,
190479901032667,TEAM-0E077100,TEAM-7C631724,24,Sun,2026-02-15,21:00,,,Estadi Mallorca Son Moix,,Head-to-Head,
160427239486660,TEAM-51EA86E0,TEAM-550D05AB,24,Mon,2026-02-16,21:00,,,Estadi Municipal de Montilivi,,Head-to-Head,
84850950041839,TEAM-1C981597,TEAM-27AC674B,16,Wed,2026-02-18,20:00,,,Estadio Ciudad de Valencia,,Head-to-Head,
270984011137131,TEAM-0587F59E,TEAM-A4EC0F45,25,Fri,2026-02-20,21:00,,,San Mamés,,Head-to-Head,
255788369173767,TEAM-782246EA,TEAM-0FF29040,25,Sat,2026-02-21,14:00,,,Reale Arena,,Head-to-Head,
28794525136163,TEAM-7C631724,TEAM-A415D192,25,Sat,2026-02-21,16:15,,,Estadio La Cartuja de Sevilla,,Head-to-Head,
72800338160640,TEAM-839B22B8,TEAM-93330B41,25,Sat,2026-02-21,18:30,,,Estadio El Sadar,,Head-to-Head,
116829091866764,TEAM-F53424F0,TEAM-D069E7F8,25,Sat,2026-02-21,21:00,,,Riyadh Air Metropolitan Stadium,,Head-to-Head,
66654495877016,TEAM-7273A887,TEAM-B2118D2C,25,Sun,2026-02-22,14:00,,,Coliseum Alfonso Pérez,,Head-to-Head,
127323012802056,TEAM-550D05AB,TEAM-1C981597,25,Sun,2026-02-22,16:15,,,Spotify Camp Nou,,Head-to-Head,
12440203075382,TEAM-720795A0,TEAM-0E077100,25,Sun,2026-02-22,18:30,,,Estadio Abanca Balaídos,,Head-to-Head,
210159732743020,TEAM-27AC674B,TEAM-BDDFCDFA,25,Sun,2026-02-22,21:00,,,Estadio de la Cerámica,,Head-to-Head,
224114049373676,TEAM-3E37DB98,TEAM-51EA86E0,25,Mon,2026-02-23,21:00,,,Estadio de Mendizorroza,,Head-to-Head,
187886877864296,TEAM-1C981597,TEAM-3E37DB98,26,Fri,2026-02-27,21:00,,,Estadio Ciudad de Valencia,,Head-to-Head,
154236394582768,TEAM-A415D192,TEAM-0587F59E,26,Sat,2026-02-28,14:00,,,Campo de Fútbol de Vallecas,,Head-to-Head,
37449815710147,TEAM-550D05AB,TEAM-27AC674B,26,Sat,2026-02-28,16:15,,,Spotify Camp Nou,,Head-to-Head,
74389292712047,TEAM-0E077100,TEAM-782246EA,26,Sat,2026-02-28,18:30,,,Estadi Mallorca Son Moix,,Head-to-Head,
100315965680739,TEAM-0FF29040,TEAM-F53424F0,26,Sat,2026-02-28,21:00,,,Estadio Nuevo Carlos Tartiere,,Head-to-Head,
94688163415669,TEAM-A4EC0F45,TEAM-D069E7F8,26,Sun,2026-03-01,14:00,,,Estadio Manuel Martínez Valero,,Head-to-Head,
279574308777710,TEAM-BDDFCDFA,TEAM-839B22B8,26,Sun,2026-03-01,16:15,,,Estadio de Mestalla,,Head-to-Head,
280828769352415,TEAM-7C631724,TEAM-B2118D2C,26,Sun,2026-03-01,18:30,,,Estadio La Cartuja de Sevilla,,Head-to-Head,
1233247401528,TEAM-51EA86E0,TEAM-720795A0,26,Sun,2026-03-01,21:00,,,Estadi Municipal de Montilivi,,Head-to-Head,
60340945625436,TEAM-93330B41,TEAM-7273A887,26,Mon,2026-03-02,21:00,,,Estadio Santiago Bernabéu,,Head-to-Head,
236257366529703,TEAM-BDDFCDFA,TEAM-3E37DB98,27,Sun,2026-03-08,,,,Estadio de Mestalla,,Head-to-Head,
276590001159030,TEAM-B2118D2C,TEAM-A415D192,27,Sun,2026-03-08,,,,Estadio Ramón Sánchez Pizjuán,,Head-to-Head,
37895991803486,TEAM-720795A0,TEAM-93330B41,27,Sun,2026-03-08,,,,Estadio Abanca Balaídos,,Head-to-Head,
111504600670808,TEAM-7273A887,TEAM-7C631724,27,Sun,2026-03-08,,,,Coliseum Alfonso Pérez,,Head-to-Head,
90275468718561,TEAM-839B22B8,TEAM-0E077100,27,Sun,2026-03-08,,,,Estadio El Sadar,,Head-to-Head,
242946556925422,TEAM-D069E7F8,TEAM-0FF29040,27,Sun,2026-03-08,,,,RCDE Stadium,,Head-to-Head,
264352069617307,TEAM-0587F59E,TEAM-550D05AB,27,Sun,2026-03-08,,,,San Mamés,,Head-to-Head,
82493867004847,TEAM-1C981597,TEAM-51EA86E0,27,Sun,2026-03-08,,,,Estadio Ciudad de Valencia,,Head-to-Head,
137901225996070,TEAM-F53424F0,TEAM-782246EA,27,Sun,2026-03-08,,,,Riyadh Air Metropolitan Stadium,,Head-to-Head,
73358037351495,TEAM-27AC674B,TEAM-A4EC0F45,27,Sun,2026-03-08,,,,Estadio de la Cerámica,,Head-to-Head,
72385216537621,TEAM-550D05AB,TEAM-B2118D2C,28,Sun,2026-03-15,,,,Spotify Camp Nou,,Head-to-Head,
50000197621346,TEAM-93330B41,TEAM-A4EC0F45,28,Sun,2026-03-15,,,,Estadio Santiago Bernabéu,,Head-to-Head,
263012971060654,TEAM-0E077100,TEAM-D069E7F8,28,Sun,2026-03-15,,,,Estadi Mallorca Son Moix,,Head-to-Head,
260174416167240,TEAM-51EA86E0,TEAM-0587F59E,28,Sun,2026-03-15,,,,Estadi Municipal de Montilivi,,Head-to-Head,
190945206558752,TEAM-3E37DB98,TEAM-27AC674B,28,Sun,2026-03-15,,,,Estadio de Mendizorroza,,Head-to-Head,
9995983172444,TEAM-782246EA,TEAM-839B22B8,28,Sun,2026-03-15,,,,Reale Arena,,Head-to-Head,
73131347406827,TEAM-A415D192,TEAM-1C981597,28,Sun,2026-03-15,,,,Campo de Fútbol de Vallecas,,Head-to-Head,
159818626721587,TEAM-7C631724,TEAM-720795A0,28,Sun,2026-03-15,,,,Estadio La Cartuja de Sevilla,,Head-to-Head,
200614202307798,TEAM-0FF29040,TEAM-BDDFCDFA,28,Sun,2026-03-15,,,,Estadio Nuevo Carlos Tartiere,,Head-to-Head,
270798070485084,TEAM-F53424F0,TEAM-7273A887,28,Sun,2026-03-15,,,,Riyadh Air Metropolitan Stadium,,Head-to-Head,
77080488133405,TEAM-A4EC0F45,TEAM-0E077100,29,Sun,2026-03-22,,,,Estadio Manuel Martínez Valero,,Head-to-Head,
280062639872375,TEAM-720795A0,TEAM-3E37DB98,29,Sun,2026-03-22,,,,Estadio Abanca Balaídos,,Head-to-Head,
113991653919723,TEAM-550D05AB,TEAM-A415D192,29,Sun,2026-03-22,,,,Spotify Camp Nou,,Head-to-Head,
242540361280250,TEAM-B2118D2C,TEAM-BDDFCDFA,29,Sun,2026-03-22,,,,Estadio Ramón Sánchez Pizjuán,,Head-to-Head,
139027022479578,TEAM-839B22B8,TEAM-51EA86E0,29,Sun,2026-03-22,,,,Estadio El Sadar,,Head-to-Head,
265886677392266,TEAM-27AC674B,TEAM-782246EA,29,Sun,2026-03-22,,,,Estadio de la Cerámica,,Head-to-Head,
222404552551979,TEAM-D069E7F8,TEAM-7273A887,29,Sun,2026-03-22,,,,RCDE Stadium,,Head-to-Head,
33294574250875,TEAM-1C981597,TEAM-0FF29040,29,Sun,2026-03-22,,,,Estadio Ciudad de Valencia,,Head-to-Head,
247680621158552,TEAM-93330B41,TEAM-F53424F0,29,Sun,2026-03-22,,,,Estadio Santiago Bernabéu,,Head-to-Head,
208116569804276,TEAM-0587F59E,TEAM-7C631724,29,Sun,2026-03-22,,,,San Mamés,,Head-to-Head,
109251171367051,TEAM-BDDFCDFA,TEAM-720795A0,30,Sun,2026-04-05,,,,Estadio de Mestalla,,Head-to-Head,
255657509986015,TEAM-0FF29040,TEAM-B2118D2C,30,Sun,2026-04-05,,,,Estadio Nuevo Carlos Tartiere,,Head-to-Head,
70954277473801,TEAM-7273A887,TEAM-0587F59E,30,Sun,2026-04-05,,,,Coliseum Alfonso Pérez,,Head-to-Head,
118324403737434,TEAM-782246EA,TEAM-1C981597,30,Sun,2026-04-05,,,,Reale Arena,,Head-to-Head,
223547109295601,TEAM-F53424F0,TEAM-550D05AB,30,Sun,2026-04-05,,,,Riyadh Air Metropolitan Stadium,,Head-to-Head,
46275893433312,TEAM-51EA86E0,TEAM-27AC674B,30,Sun,2026-04-05,,,,Estadi Municipal de Montilivi,,Head-to-Head,
190080655876356,TEAM-3E37DB98,TEAM-839B22B8,30,Sun,2026-04-05,,,,Estadio de Mendizorroza,,Head-to-Head,
189383507522334,TEAM-0E077100,TEAM-93330B41,30,Sun,2026-04-05,,,,Estadi Mallorca Son Moix,,Head-to-Head,
226737772924295,TEAM-7C631724,TEAM-D069E7F8,30,Sun,2026-04-05,,,,Estadio La Cartuja de Sevilla,,Head-to-Head,
33314785656358,TEAM-A415D192,TEAM-A4EC0F45,30,Sun,2026-04-05,,,,Campo de Fútbol de Vallecas,,Head-to-Head,
137965179038444,TEAM-0E077100,TEAM-A415D192,31,Sun,2026-04-12,,,,Estadi Mallorca Son Moix,,Head-to-Head,
8856601088593,TEAM-93330B41,TEAM-51EA86E0,31,Sun,2026-04-12,,,,Estadio Santiago Bernabéu,,Head-to-Head,
238319576151040,TEAM-0587F59E,TEAM-27AC674B,31,Sun,2026-04-12,,,,San Mamés,,Head-to-Head,
114045864477102,TEAM-1C981597,TEAM-7273A887,31,Sun,2026-04-12,,,,Estadio Ciudad de Valencia,,Head-to-Head,
131128405878934,TEAM-A4EC0F45,TEAM-BDDFCDFA,31,Sun,2026-04-12,,,,Estadio Manuel Martínez Valero,,Head-to-Head,
38778677312802,TEAM-B2118D2C,TEAM-F53424F0,31,Sun,2026-04-12,,,,Estadio Ramón Sánchez Pizjuán,,Head-to-Head,
187870174630051,TEAM-720795A0,TEAM-0FF29040,31,Sun,2026-04-12,,,,Estadio Abanca Balaídos,,Head-to-Head,
269475719335433,TEAM-839B22B8,TEAM-7C631724,31,Sun,2026-04-12,,,,Estadio El Sadar,,Head-to-Head,
263842963718334,TEAM-550D05AB,TEAM-D069E7F8,31,Sun,2026-04-12,,,,Spotify Camp Nou,,Head-to-Head,
183731417360531,TEAM-782246EA,TEAM-3E37DB98,31,Sun,2026-04-12,,,,Reale Arena,,Head-to-Head,
203063321407769,TEAM-A4EC0F45,TEAM-F53424F0,33,Wed,2026-04-22,,,,Estadio Manuel Martínez Valero,,Head-to-Head,
64630535507677,TEAM-550D05AB,TEAM-720795A0,33,Wed,2026-04-22,,,,Spotify Camp Nou,,Head-to-Head,
221823571823063,TEAM-1C981597,TEAM-B2118D2C,33,Wed,2026-04-22,,,,Estadio Ciudad de Valencia,,Head-to-Head,
16486457801784,TEAM-93330B41,TEAM-3E37DB98,33,Wed,2026-04-22,,,,Estadio Santiago Bernabéu,,Head-to-Head,
4134997017948,TEAM-782246EA,TEAM-7273A887,33,Wed,2026-04-22,,,,Reale Arena,,Head-to-Head,
156520746538426,TEAM-0E077100,TEAM-BDDFCDFA,33,Wed,2026-04-22,,,,Estadi Mallorca Son Moix,,Head-to-Head,
213589917813659,TEAM-51EA86E0,TEAM-7C631724,33,Wed,2026-04-22,,,,Estadi Municipal de Montilivi,,Head-to-Head,
137597844864929,TEAM-0FF29040,TEAM-27AC674B,33,Wed,2026-04-22,,,,Estadio Nuevo Carlos Tartiere,,Head-to-Head,
176967301607945,TEAM-0587F59E,TEAM-839B22B8,33,Wed,2026-04-22,,,,San Mamés,,Head-to-Head,
127785661998589,TEAM-A415D192,TEAM-D069E7F8,33,Wed,2026-04-22,,,,Campo de Fútbol de Vallecas,,Head-to-Head,
49163500400424,TEAM-839B22B8,TEAM-B2118D2C,32,Sun,2026-04-26,,,,Estadio El Sadar,,Head-to-Head,
124732468967602,TEAM-7C631724,TEAM-93330B41,32,Sun,2026-04-26,,,,Estadio La Cartuja de Sevilla,,Head-to-Head,
216335396716711,TEAM-A415D192,TEAM-782246EA,32,Sun,2026-04-26,,,,Campo de Fútbol de Vallecas,,Head-to-Head,
59016981890316,TEAM-3E37DB98,TEAM-0E077100,32,Sun,2026-04-26,,,,Estadio de Mendizorroza,,Head-to-Head,
230066862676340,TEAM-0FF29040,TEAM-A4EC0F45,32,Sun,2026-04-26,,,,Estadio Nuevo Carlos Tartiere,,Head-to-Head,
205551065168251,TEAM-D069E7F8,TEAM-1C981597,32,Sun,2026-04-26,,,,RCDE Stadium,,Head-to-Head,
99335290532409,TEAM-7273A887,TEAM-550D05AB,32,Sun,2026-04-26,,,,Coliseum Alfonso Pérez,,Head-to-Head,
188878696721360,TEAM-BDDFCDFA,TEAM-51EA86E0,32,Sun,2026-04-26,,,,Estadio de Mestalla,,Head-to-Head,
151179176072930,TEAM-F53424F0,TEAM-0587F59E,32,Sun,2026-04-26,,,,Riyadh Air Metropolitan Stadium,,Head-to-Head,
175236264783600,TEAM-27AC674B,TEAM-720795A0,32,Sun,2026-04-26,,,,Estadio de la Cerámica,,Head-to-Head,
68721499709377,TEAM-B2118D2C,TEAM-782246EA,34,Sun,2026-05-03,,,,Estadio Ramón Sánchez Pizjuán,,Head-to-Head,
136642593989144,TEAM-D069E7F8,TEAM-93330B41,34,Sun,2026-05-03,,,,RCDE Stadium,,Head-to-Head,
113613210219853,TEAM-7273A887,TEAM-A415D192,34,Sun,2026-05-03,,,,Coliseum Alfonso Pérez,,Head-to-Head,
46952270883942,TEAM-7C631724,TEAM-0FF29040,34,Sun,2026-05-03,,,,Estadio La Cartuja de Sevilla,,Head-to-Head,
141474607300017,TEAM-720795A0,TEAM-A4EC0F45,34,Sun,2026-05-03,,,,Estadio Abanca Balaídos,,Head-to-Head,
100814823293582,TEAM-839B22B8,TEAM-550D05AB,34,Sun,2026-05-03,,,,Estadio El Sadar,,Head-to-Head,
81151371865725,TEAM-3E37DB98,TEAM-0587F59E,34,Sun,2026-05-03,,,,Estadio de Mendizorroza,,Head-to-Head,
140377639226940,TEAM-BDDFCDFA,TEAM-F53424F0,34,Sun,2026-05-03,,,,Estadio de Mestalla,,Head-to-Head,
226375279454238,TEAM-51EA86E0,TEAM-0E077100,34,Sun,2026-05-03,,,,Estadi Municipal de Montilivi,,Head-to-Head,
178986158313354,TEAM-27AC674B,TEAM-1C981597,34,Sun,2026-05-03,,,,Estadio de la Cerámica,,Head-to-Head,
88142921910000,TEAM-0FF29040,TEAM-7273A887,35,Sun,2026-05-10,,,,Estadio Nuevo Carlos Tartiere,,Head-to-Head,
158940182433986,TEAM-B2118D2C,TEAM-D069E7F8,35,Sun,2026-05-10,,,,Estadio Ramón Sánchez Pizjuán,,Head-to-Head,
118896934630429,TEAM-1C981597,TEAM-839B22B8,35,Sun,2026-05-10,,,,Estadio Ciudad de Valencia,,Head-to-Head,
22416647269952,TEAM-550D05AB,TEAM-93330B41,35,Sun,2026-05-10,,,,Spotify Camp Nou,,Head-to-Head,
121380534298,TEAM-782246EA,TEAM-7C631724,35,Sun,2026-05-10,,,,Reale Arena,,Head-to-Head,
46084533262473,TEAM-0E077100,TEAM-27AC674B,35,Sun,2026-05-10,,,,Estadi Mallorca Son Moix,,Head-to-Head,
93909983104572,TEAM-A415D192,TEAM-51EA86E0,35,Sun,2026-05-10,,,,Campo de Fútbol de Vallecas,,Head-to-Head,
199270821408437,TEAM-F53424F0,TEAM-720795A0,35,Sun,2026-05-10,,,,Riyadh Air Metropolitan Stadium,,Head-to-Head,
101412679560855,TEAM-A4EC0F45,TEAM-3E37DB98,35,Sun,2026-05-10,,,,Estadio Manuel Martínez Valero,,Head-to-Head,
48778277549468,TEAM-0587F59E,TEAM-BDDFCDFA,35,Sun,2026-05-10,,,,San Mamés,,Head-to-Head,
108621908789264,TEAM-3E37DB98,TEAM-550D05AB,36,Wed,2026-05-13,,,,Estadio de Mendizorroza,,Head-to-Head,
232429751839984,TEAM-7273A887,TEAM-0E077100,36,Wed,2026-05-13,,,,Coliseum Alfonso Pérez,,Head-to-Head,
254448479280160,TEAM-BDDFCDFA,TEAM-A415D192,36,Wed,2026-05-13,,,,Estadio de Mestalla,,Head-to-Head,
221680037030532,TEAM-7C631724,TEAM-A4EC0F45,36,Wed,2026-05-13,,,,Estadio La Cartuja de Sevilla,,Head-to-Head,
69013532394846,TEAM-D069E7F8,TEAM-0587F59E,36,Wed,2026-05-13,,,,RCDE Stadium,,Head-to-Head,
71147501522286,TEAM-720795A0,TEAM-1C981597,36,Wed,2026-05-13,,,,Estadio Abanca Balaídos,,Head-to-Head,
28330554067217,TEAM-27AC674B,TEAM-B2118D2C,36,Wed,2026-05-13,,,,Estadio de la Cerámica,,Head-to-Head,
272802592518787,TEAM-839B22B8,TEAM-F53424F0,36,Wed,2026-05-13,,,,Estadio El Sadar,,Head-to-Head,
265227090219082,TEAM-51EA86E0,TEAM-782246EA,36,Wed,2026-05-13,,,,Estadi Municipal de Montilivi,,Head-to-Head,
89262998385449,TEAM-93330B41,TEAM-0FF29040,36,Wed,2026-05-13,,,,Estadio Santiago Bernabéu,,Head-to-Head,
250956283457130,TEAM-0FF29040,TEAM-3E37DB98,37,Sun,2026-05-17,,,,Estadio Nuevo Carlos Tartiere,,Head-to-Head,
102936112197675,TEAM-0587F59E,TEAM-720795A0,37,Sun,2026-05-17,,,,San Mamés,,Head-to-Head,
96929992484336,TEAM-782246EA,TEAM-BDDFCDFA,37,Sun,2026-05-17,,,,Reale Arena,,Head-to-Head,
177403760537686,TEAM-F53424F0,TEAM-51EA86E0,37,Sun,2026-05-17,,,,Riyadh Air Metropolitan Stadium,,Head-to-Head,
209748011611463,TEAM-839B22B8,TEAM-D069E7F8,37,Sun,2026-05-17,,,,Estadio El Sadar,,Head-to-Head,
168329939092729,TEAM-B2118D2C,TEAM-93330B41,37,Sun,2026-05-17,,,,Estadio Ramón Sánchez Pizjuán,,Head-to-Head,
188956343663886,TEAM-1C981597,TEAM-0E077100,37,Sun,2026-05-17,,,,Estadio Ciudad de Valencia,,Head-to-Head,
141517663137629,TEAM-550D05AB,TEAM-7C631724,37,Sun,2026-05-17,,,,Spotify Camp Nou,,Head-to-Head,
202669021766095,TEAM-A415D192,TEAM-27AC674B,37,Sun,2026-05-17,,,,Campo de Fútbol de Vallecas,,Head-to-Head,
99514339233431,TEAM-A4EC0F45,TEAM-7273A887,37,Sun,2026-05-17,,,,Estadio Manuel Martínez Valero,,Head-to-Head,
209439497265362,TEAM-7273A887,TEAM-839B22B8,38,Sun,2026-05-24,,,,Coliseum Alfonso Pérez,,Head-to-Head,
6043697052988,TEAM-27AC674B,TEAM-F53424F0,38,Sun,2026-05-24,,,,Estadio de la Cerámica,,Head-to-Head,
223321602168246,TEAM-93330B41,TEAM-0587F59E,38,Sun,2026-05-24,,,,Estadio Santiago Bernabéu,,Head-to-Head,
45119014092660,TEAM-3E37DB98,TEAM-A415D192,38,Sun,2026-05-24,,,,Estadio de Mendizorroza,,Head-to-Head,
192508960801731,TEAM-D069E7F8,TEAM-782246EA,38,Sun,2026-05-24,,,,RCDE Stadium,,Head-to-Head,
59937157497706,TEAM-7C631724,TEAM-1C981597,38,Sun,2026-05-24,,,,Estadio La Cartuja de Sevilla,,Head-to-Head,
45893513531146,TEAM-0E077100,TEAM-0FF29040,38,Sun,2026-05-24,,,,Estadi Mallorca Son Moix,,Head-to-Head,
135762628638373,TEAM-720795A0,TEAM-B2118D2C,38,Sun,2026-05-24,,,,Estadio Abanca Balaídos,,Head-to-Head,
255497748536575,TEAM-BDDFCDFA,TEAM-550D05AB,38,Sun,2026-05-24,,,,Estadio de Mestalla,,Head-to-Head,
149596871420899,TEAM-51EA86E0,TEAM-A4EC0F45,38,Sun,2026-05-24,,,,Estadi Municipal de Montilivi,,Head-to-Head,
